CHEMBL3818976,Q07869,0.00 
CHEMBL1911271,P04150,0.00 
CHEMBL593472,P55055,0.00 
CHEMBL227440,P06401,0.00 
CHEMBL1093916,P55055,0.00 
CHEMBL57875,Q92731,0.00 
CHEMBL4281062,P48443,0.00 
CHEMBL3933276,P51449,0.00 
CHEMBL1760410,Q03181,0.00 
CHEMBL93705,Q92731,0.00 
CHEMBL3126376,P10827,0.00 
CHEMBL3263240,Q96RI1,0.00 
CHEMBL2070463,P55055,0.00 
CHEMBL3263710,Q13133,0.00 
CHEMBL195556,P10827,0.00 
CHEMBL472238,P13631,0.00 
CHEMBL193377,P15207,0.00 
CHEMBL363425,P03372,0.00 
CHEMBL2070860,P11473,0.00 
CHEMBL1917255,P04150,0.00 
CHEMBL2012766,Q13133,0.00 
CHEMBL3588881,Q13133,0.00 
CHEMBL595440,P37231,0.00 
CHEMBL1088483,Q92731,0.00 
CHEMBL264746,P19793,0.00 
CHEMBL1075704,Q03181,0.00 
CHEMBL186597,P03372,0.00 
CHEMBL147049,P37231,0.00 
CHEMBL2326409,P51449,0.00 
CHEMBL2337783,P19793,0.00 
CHEMBL1834892,P11473,0.00 
CHEMBL204571,P06401,0.00 
CHEMBL3623004,P06401,0.00 
CHEMBL3695806,P37231,0.00 
CHEMBL1929042,P06401,0.00 
CHEMBL182610,P04150,0.00 
CHEMBL424874,P06401,0.00 
CHEMBL93391,P03372,0.00 
CHEMBL255570,P04150,0.00 
CHEMBL523651,P37231,0.00 
CHEMBL3814799,Q13133,0.00 
CHEMBL3640828,P15207,0.00 
CHEMBL4203464,P11473,0.00 
CHEMBL1541552,P03372,0.00 
CHEMBL3634609,P51449,0.00 
CHEMBL4172668,P37231,0.00 
CHEMBL3582112,P06401,0.00 
CHEMBL3818652,P10275,0.00 
CHEMBL416898,P15207,0.00 
CHEMBL4127926,P51449,0.00 
CHEMBL3814297,P55055,0.00 
CHEMBL3765583,P03372,0.00 
CHEMBL203940,Q07869,0.00 
CHEMBL173386,Q03181,0.00 
CHEMBL4175592,P03372,0.00 
CHEMBL2112892,P03372,0.00 
CHEMBL133896,P19793,0.00 
CHEMBL334428,P10276,0.00 
CHEMBL226380,P11473,0.00 
CHEMBL3132985,P10275,0.00 
CHEMBL359377,P37231,0.00 
CHEMBL4218626,Q13133,0.00 
CHEMBL419019,Q07869,0.00 
CHEMBL38,P11416,0.00 
CHEMBL115164,P28702,0.00 
CHEMBL1329686,P03372,0.00 
CHEMBL81273,P10826,0.00 
CHEMBL4248276,Q07869,0.00 
CHEMBL1173381,Q03181,0.00 
CHEMBL4091019,Q96RI1,0.00 
CHEMBL3586250,Q92753,0.00 
CHEMBL3915908,P51449,0.00 
CHEMBL2386485,Q96RI1,0.00 
CHEMBL2385909,P35398,0.00 
CHEMBL553019,P04150,0.00 
CHEMBL1911644,P06401,0.00 
CHEMBL1738937,P10275,0.00 
CHEMBL3971739,P06401,0.00 
CHEMBL187673,P06211,0.00 
CHEMBL3137947,O35627,0.00 
CHEMBL383728,P37231,0.00 
CHEMBL182883,P06401,0.00 
CHEMBL204024,Q92731,0.00 
CHEMBL340490,P10828,0.00 
CHEMBL427299,P37231,0.00 
CHEMBL25802,P10275,0.00 
CHEMBL130374,P10276,0.00 
CHEMBL233660,P04150,0.00 
CHEMBL2282523,P37231,0.00 
CHEMBL1507012,P03372,0.00 
CHEMBL1911655,P06401,0.00 
CHEMBL601678,P37231,0.00 
CHEMBL1097159,Q13133,0.00 
CHEMBL3940963,P51449,0.00 
CHEMBL2407863,P08235,0.00 
CHEMBL3093458,P06401,0.00 
CHEMBL209851,P03372,0.00 
CHEMBL482824,P37231,0.00 
CHEMBL1929039,P06401,0.00 
CHEMBL4173918,P48443,0.00 
CHEMBL3397561,P37231,0.00 
CHEMBL1627351,Q92731,0.00 
CHEMBL3263698,P51449,0.00 
CHEMBL4085105,P62509,0.00 
CHEMBL1562870,Q92731,0.00 
CHEMBL471488,P10828,0.00 
CHEMBL153100,Q92731,0.00 
CHEMBL103468,P06401,0.00 
CHEMBL705,P10826,0.00 
CHEMBL334534,P10826,0.00 
CHEMBL4176693,P11473,0.00 
CHEMBL146646,P10826,0.00 
CHEMBL2426110,P04150,0.00 
CHEMBL206546,Q92731,0.00 
CHEMBL1934435,P10275,0.00 
CHEMBL3827740,P37231,0.00 
CHEMBL153245,P03372,0.00 
CHEMBL3354989,Q03181,0.00 
CHEMBL147599,P37231,0.00 
CHEMBL504110,P10275,0.00 
CHEMBL234633,Q92731,0.00 
CHEMBL3947344,P10275,0.00 
CHEMBL96184,P13631,0.00 
CHEMBL385489,P55055,0.00 
CHEMBL3896395,P51449,0.00 
CHEMBL162368,P10275,0.00 
CHEMBL4203290,Q92731,0.00 
CHEMBL488558,P06401,0.00 
CHEMBL4281988,P37231,0.00 
CHEMBL1116,Q92731,0.00 
CHEMBL4212837,Q03181,0.00 
CHEMBL3109601,P03372,0.00 
CHEMBL163142,P10275,0.00 
CHEMBL219015,P08235,0.00 
CHEMBL2012768,Q13133,0.00 
CHEMBL3581688,P03372,0.00 
CHEMBL403432,P37231,0.00 
CHEMBL1765175,P06401,0.00 
CHEMBL506844,P04150,0.00 
CHEMBL106896,P19793,0.00 
CHEMBL434346,P03372,0.00 
CHEMBL1017,P37231,0.00 
CHEMBL1163598,P06401,0.00 
CHEMBL114286,Q07869,0.00 
CHEMBL333890,P37231,0.00 
CHEMBL576472,P04150,0.00 
CHEMBL145829,P37231,0.00 
CHEMBL3133003,P10275,0.00 
CHEMBL3923143,P51449,0.00 
CHEMBL3335624,Q07869,0.00 
CHEMBL1081962,Q03181,0.00 
CHEMBL3263712,P51449,0.00 
CHEMBL1573389,Q92731,0.00 
CHEMBL3588962,P10275,0.00 
CHEMBL3609405,P51449,0.00 
CHEMBL3695767,P37231,0.00 
CHEMBL2348879,P11473,0.00 
CHEMBL188412,P11474,0.00 
CHEMBL372808,P03372,0.00 
CHEMBL384975,P06401,0.00 
CHEMBL2381195,Q13133,0.00 
CHEMBL3094486,P08235,0.00 
CHEMBL1760405,Q03181,0.00 
CHEMBL3824162,Q96RI1,0.00 
CHEMBL4103516,P03372,0.00 
CHEMBL204376,P62508,0.00 
CHEMBL2204435,Q13133,0.00 
CHEMBL3093458,P04150,0.00 
CHEMBL214948,P55055,0.00 
CHEMBL4211975,P10827,0.00 
CHEMBL1413557,P03372,0.00 
CHEMBL454141,Q28037,0.00 
CHEMBL78567,P03372,0.00 
CHEMBL404646,P37231,0.00 
CHEMBL1911649,P08235,0.00 
CHEMBL185783,Q92731,0.00 
CHEMBL4073869,P10275,0.00 
CHEMBL602670,P37231,0.00 
CHEMBL3585572,P37231,0.00 
CHEMBL1080108,Q03181,0.00 
CHEMBL2204045,P04150,0.00 
CHEMBL214272,Q07869,0.00 
CHEMBL364748,Q07869,0.00 
CHEMBL4169720,P19091,0.00 
CHEMBL1463954,Q92731,0.00 
CHEMBL551344,Q96RI1,0.00 
CHEMBL2316544,P10275,0.00 
CHEMBL202521,P10828,0.00 
CHEMBL191060,P23204,0.00 
CHEMBL3109235,P51450,0.00 
CHEMBL427554,P06401,0.00 
CHEMBL291034,P28702,0.00 
CHEMBL3094371,P51449,0.00 
CHEMBL25580,Q92731,0.00 
CHEMBL3764414,Q14994,0.00 
CHEMBL402491,P11474,0.00 
CHEMBL87361,P06186,0.00 
CHEMBL82716,P13631,0.00 
CHEMBL4067513,Q96RI1,0.00 
CHEMBL1801008,P06401,0.00 
CHEMBL191711,P03372,0.00 
CHEMBL3800071,P51449,0.00 
CHEMBL3109232,P51450,0.00 
CHEMBL125362,Q92731,0.00 
CHEMBL3581553,P51449,0.00 
CHEMBL1088485,Q92731,0.00 
CHEMBL4097564,P04150,0.00 
CHEMBL2312270,P10828,0.00 
CHEMBL430855,P10275,0.00 
CHEMBL1800979,P04150,0.00 
CHEMBL595124,P55055,0.00 
CHEMBL3598051,P51449,0.00 
CHEMBL4078107,P37231,0.00 
CHEMBL3317867,P37231,0.00 
CHEMBL1434189,Q92731,0.00 
CHEMBL3398452,P37231,0.00 
CHEMBL3427395,P03372,0.00 
CHEMBL2426659,P04150,0.00 
CHEMBL567854,P06401,0.00 
CHEMBL1928874,P10275,0.00 
CHEMBL2377529,P37231,0.00 
CHEMBL3764750,Q14994,0.00 
CHEMBL1201146,Q690N0,0.00 
CHEMBL3361044,P51449,0.00 
CHEMBL135,P15207,0.00 
CHEMBL101609,P19793,0.00 
CHEMBL65458,Q07869,0.00 
CHEMBL3623118,P10275,0.00 
CHEMBL3896397,P51449,0.00 
CHEMBL3949837,P51449,0.00 
CHEMBL3824337,Q96RI1,0.00 
CHEMBL218234,P15207,0.00 
CHEMBL3971479,P51449,0.00 
CHEMBL2042810,P37231,0.00 
CHEMBL1578546,P22736,0.00 
CHEMBL2112471,P03372,0.00 
CHEMBL222127,P04150,0.00 
CHEMBL1081602,Q03181,0.00 
CHEMBL1093016,P51449,0.00 
CHEMBL4285485,P51450,0.00 
CHEMBL3335623,Q96RI1,0.00 
CHEMBL1253899,P08235,0.00 
CHEMBL335242,P19793,0.00 
CHEMBL3695773,P37231,0.00 
CHEMBL559716,P10828,0.00 
CHEMBL351447,P10275,0.00 
CHEMBL3699428,P37231,0.00 
CHEMBL3596271,P51449,0.00 
CHEMBL4292527,Q92753,0.00 
CHEMBL111589,P19793,0.00 
CHEMBL138098,P06401,0.00 
CHEMBL114607,P06401,0.00 
CHEMBL264385,Q07869,0.00 
CHEMBL3596632,P35398,0.00 
CHEMBL78413,P03372,0.00 
CHEMBL1518838,P22736,0.00 
CHEMBL192025,Q92731,0.00 
CHEMBL192508,P10827,0.00 
CHEMBL3109156,P03372,0.00 
CHEMBL71585,P03372,0.00 
CHEMBL364511,P04150,0.00 
CHEMBL4206368,Q13133,0.00 
CHEMBL419767,P15207,0.00 
CHEMBL4225424,Q92753,0.00 
CHEMBL573591,P55055,0.00 
CHEMBL226462,Q13133,0.00 
CHEMBL144345,P06401,0.00 
CHEMBL315866,Q92731,0.00 
CHEMBL1173474,P37231,0.00 
CHEMBL3921163,P51449,0.00 
CHEMBL3970533,P51449,0.00 
CHEMBL4099166,P03372,0.00 
CHEMBL4064926,P03372,0.00 
CHEMBL3588886,Q13133,0.00 
CHEMBL193207,P03372,0.00 
CHEMBL4174856,P11474,0.00 
CHEMBL358145,P10826,0.00 
CHEMBL377295,P03372,0.00 
CHEMBL313062,P06537,0.00 
CHEMBL363705,Q92731,0.00 
CHEMBL411,P03372,0.00 
CHEMBL4067818,P11474,0.00 
CHEMBL111953,P10827,0.00 
CHEMBL1091218,Q07869,0.00 
CHEMBL1496995,Q92731,0.00 
CHEMBL3804846,P06401,0.00 
CHEMBL603743,P55055,0.00 
CHEMBL7671,P10275,0.00 
CHEMBL146133,P37231,0.00 
CHEMBL4217636,P55055,0.00 
CHEMBL1254080,P06401,0.00 
CHEMBL3958255,P37231,0.00 
CHEMBL330998,P19793,0.00 
CHEMBL1085110,P04150,0.00 
CHEMBL3931922,Q92731,0.00 
CHEMBL1086652,P03372,0.00 
CHEMBL255097,Q07869,0.00 
CHEMBL561975,P10828,0.00 
CHEMBL4205733,P13631,0.00 
CHEMBL1765175,P35398,0.00 
CHEMBL391085,Q03181,0.00 
CHEMBL398455,Q92731,0.00 
CHEMBL396480,P37231,0.00 
CHEMBL187392,O08537,0.00 
CHEMBL314561,P03372,0.00 
CHEMBL359633,Q92731,0.00 
CHEMBL2031541,P03372,0.00 
CHEMBL46403,Q07869,0.00 
CHEMBL202236,P37231,0.00 
CHEMBL101712,P19793,0.00 
CHEMBL3581644,P03372,0.00 
CHEMBL399602,P43354,0.00 
CHEMBL606756,Q13133,0.00 
CHEMBL188189,Q92731,0.00 
CHEMBL3965705,P10275,0.00 
CHEMBL412079,P35398,0.00 
CHEMBL4293480,Q92731,0.00 
CHEMBL3361037,P51449,0.00 
CHEMBL367350,Q92731,0.00 
CHEMBL1085429,P03372,0.00 
CHEMBL1760272,Q07869,0.00 
CHEMBL2282517,Q07869,0.00 
CHEMBL3936058,P51449,0.00 
CHEMBL605314,P55055,0.00 
CHEMBL3093440,P08235,0.00 
CHEMBL145929,P37231,0.00 
CHEMBL285483,P03372,0.00 
CHEMBL1093518,P51449,0.00 
CHEMBL59438,Q92731,0.00 
CHEMBL4079377,P10275,0.00 
CHEMBL3667040,P04150,0.00 
CHEMBL4076701,Q96RI1,0.00 
CHEMBL447190,Q07869,0.00 
CHEMBL3264636,Q96RI1,0.00 
CHEMBL379567,P03372,0.00 
CHEMBL192490,P10828,0.00 
CHEMBL162103,P10275,0.00 
CHEMBL392309,P04150,0.00 
CHEMBL2407650,P08235,0.00 
CHEMBL590593,P06401,0.00 
CHEMBL3640877,P15207,0.00 
CHEMBL3598152,P51449,0.00 
CHEMBL3397335,P10828,0.00 
CHEMBL3922829,P51449,0.00 
CHEMBL4126991,Q92753,0.00 
CHEMBL4101362,P11473,0.00 
CHEMBL2011540,P37231,0.00 
CHEMBL3695844,P37231,0.00 
CHEMBL33625,Q92731,0.00 
CHEMBL1447305,P03372,0.00 
CHEMBL111217,P19793,0.00 
CHEMBL1929040,P08235,0.00 
CHEMBL1808554,Q07869,0.00 
CHEMBL3672843,Q13133,0.00 
CHEMBL402492,P11474,0.00 
CHEMBL3735995,P03372,0.00 
CHEMBL371346,Q96RI1,0.00 
CHEMBL391283,Q03181,0.00 
CHEMBL235496,P03372,0.00 
CHEMBL2426109,P04150,0.00 
CHEMBL3263232,Q07869,0.00 
CHEMBL3941698,P10275,0.00 
CHEMBL97187,P10828,0.00 
CHEMBL3261333,P10828,0.00 
CHEMBL357603,P10826,0.00 
CHEMBL1085625,P10275,0.00 
CHEMBL373567,P04150,0.00 
CHEMBL365544,P55055,0.00 
CHEMBL3234620,P03372,0.00 
CHEMBL552185,P10827,0.00 
CHEMBL337719,Q5BJR8,0.00 
CHEMBL235143,Q07869,0.00 
CHEMBL342514,P37231,0.00 
CHEMBL4243662,Q03181,0.00 
CHEMBL3962559,P51449,0.00 
CHEMBL429627,P04150,0.00 
CHEMBL3931974,P51449,0.00 
CHEMBL3261420,P04150,0.00 
CHEMBL4068555,Q96RI1,0.00 
CHEMBL361063,Q92731,0.00 
CHEMBL236877,P37231,0.00 
CHEMBL3902483,P51449,0.00 
CHEMBL209851,Q92731,0.00 
CHEMBL3982626,P51449,0.00 
CHEMBL280293,Q03181,0.00 
CHEMBL165803,P10275,0.00 
CHEMBL574607,Q07869,0.00 
CHEMBL236218,Q07869,0.00 
CHEMBL4068985,P37231,0.00 
CHEMBL4075017,P22199,0.00 
CHEMBL190238,Q92731,0.00 
CHEMBL3126945,P06401,0.00 
CHEMBL266656,P04150,0.00 
CHEMBL2337789,P19793,0.00 
CHEMBL3889601,P55055,0.00 
CHEMBL263638,P13053,0.00 
CHEMBL3963595,P51449,0.00 
CHEMBL1323907,P22736,0.00 
CHEMBL1200545,Q690N0,0.00 
CHEMBL220846,Q28037,0.00 
CHEMBL3933290,P51449,0.00 
CHEMBL246834,P04150,0.00 
CHEMBL150879,Q92731,0.00 
CHEMBL2111532,P03372,0.00 
CHEMBL3398432,Q07869,0.00 
CHEMBL362566,P10275,0.00 
CHEMBL1383151,P03372,0.00 
CHEMBL1381495,Q92731,0.00 
CHEMBL228767,P06401,0.00 
CHEMBL4225954,P03372,0.00 
CHEMBL4174789,P03372,0.00 
CHEMBL468304,Q96RI1,0.00 
CHEMBL225996,Q13133,0.00 
CHEMBL3234275,P51449,0.00 
CHEMBL3598070,P51450,0.00 
CHEMBL118339,P10828,0.00 
CHEMBL1257454,P04150,0.00 
CHEMBL143729,P06536,0.00 
CHEMBL234800,Q07869,0.00 
CHEMBL1089500,Q07869,0.00 
CHEMBL378883,Q92731,0.00 
CHEMBL89581,P48443,0.00 
CHEMBL4099302,P03372,0.00 
CHEMBL132195,P06401,0.00 
CHEMBL562172,P10828,0.00 
CHEMBL208529,P48443,0.00 
CHEMBL3093443,P04150,0.00 
CHEMBL560489,P06401,0.00 
CHEMBL398552,P03372,0.00 
CHEMBL1084716,P04150,0.00 
CHEMBL180912,P37231,0.00 
CHEMBL236754,P08235,0.00 
CHEMBL334330,P19793,0.00 
CHEMBL3891138,P51449,0.00 
CHEMBL1672548,P04150,0.00 
CHEMBL3916614,P51449,0.00 
CHEMBL267385,Q62986,0.00 
CHEMBL82089,P10276,0.00 
CHEMBL434302,P55055,0.00 
CHEMBL3598140,P37231,0.00 
CHEMBL3262946,Q07869,0.00 
CHEMBL96184,P28705,0.00 
CHEMBL260482,P10827,0.00 
CHEMBL2035877,P10827,0.00 
CHEMBL391264,Q03181,0.00 
CHEMBL512579,Q92731,0.00 
CHEMBL4089197,P08235,0.00 
CHEMBL65074,P04150,0.00 
CHEMBL2312712,Q07869,0.00 
CHEMBL64972,P37231,0.00 
CHEMBL3939317,P51449,0.00 
CHEMBL39174,P10828,0.00 
CHEMBL277378,P10275,0.00 
CHEMBL3581682,P03372,0.00 
CHEMBL2419296,P08235,0.00 
CHEMBL378553,P28702,0.00 
CHEMBL455205,P55055,0.00 
CHEMBL130231,P28702,0.00 
CHEMBL200732,P37231,0.00 
CHEMBL3657172,P03372,0.00 
CHEMBL252451,P06401,0.00 
CHEMBL82602,P37231,0.00 
CHEMBL316292,P03372,0.00 
CHEMBL1537093,P03372,0.00 
CHEMBL459473,Q13133,0.00 
CHEMBL3590269,P55055,0.00 
CHEMBL3361027,P51449,0.00 
CHEMBL426854,P03372,0.00 
CHEMBL3397558,Q07869,0.00 
CHEMBL592016,P06401,0.00 
CHEMBL3905061,P51449,0.00 
CHEMBL187937,Q92731,0.00 
CHEMBL3951385,P13631,0.00 
CHEMBL484467,Q07869,0.00 
CHEMBL3398458,P37231,0.00 
CHEMBL191648,Q92731,0.00 
CHEMBL1165799,P10275,0.00 
CHEMBL427040,Q03181,0.00 
CHEMBL4162851,P19091,0.00 
CHEMBL2316562,P10275,0.00 
CHEMBL305760,P13631,0.00 
CHEMBL374234,Q03181,0.00 
CHEMBL60079,Q13133,0.00 
CHEMBL3953200,P51449,0.00 
CHEMBL485155,P37231,0.00 
CHEMBL2113000,Q03181,0.00 
CHEMBL215245,P37231,0.00 
CHEMBL1511693,Q92731,0.00 
CHEMBL1426947,Q92731,0.00 
CHEMBL381387,P04150,0.00 
CHEMBL512291,P13053,0.00 
CHEMBL2111792,P19793,0.00 
CHEMBL4068424,P37231,0.00 
CHEMBL4095891,P37231,0.00 
CHEMBL1573735,P03372,0.00 
CHEMBL388462,P04150,0.00 
CHEMBL594063,P55055,0.00 
CHEMBL593473,Q13133,0.00 
CHEMBL172490,P37231,0.00 
CHEMBL1210841,P10275,0.00 
CHEMBL2035064,Q03181,0.00 
CHEMBL583410,P19793,0.00 
CHEMBL1391547,P03372,0.00 
CHEMBL208324,Q92731,0.00 
CHEMBL3589353,Q92731,0.00 
CHEMBL403958,Q13133,0.00 
CHEMBL207093,Q13133,0.00 
CHEMBL3758919,Q07869,0.00 
CHEMBL3264991,Q96RI1,0.00 
CHEMBL1940693,P04150,0.00 
CHEMBL96143,Q07869,0.00 
CHEMBL3421879,P04150,0.00 
CHEMBL2206302,P37231,0.00 
CHEMBL237262,P10275,0.00 
CHEMBL3398444,P37231,0.00 
CHEMBL394644,P10827,0.00 
CHEMBL3961912,P51449,0.00 
CHEMBL364378,P37231,0.00 
CHEMBL346703,P10826,0.00 
CHEMBL118939,Q03181,0.00 
CHEMBL3977738,P51449,0.00 
CHEMBL4066683,P03372,0.00 
CHEMBL1209971,P10275,0.00 
CHEMBL212992,Q92731,0.00 
CHEMBL1934481,Q03181,0.00 
CHEMBL1917248,P04150,0.00 
CHEMBL288436,Q5BJR8,0.00 
CHEMBL411185,P10275,0.00 
CHEMBL1801006,P06401,0.00 
CHEMBL2158165,Q96RI1,0.00 
CHEMBL3915572,P51449,0.00 
CHEMBL188230,Q92731,0.00 
CHEMBL4085241,P10275,0.00 
CHEMBL3109329,P51450,0.00 
CHEMBL2312272,P10827,0.00 
CHEMBL219773,Q07869,0.00 
CHEMBL1928874,P08235,0.00 
CHEMBL109638,P37231,0.00 
CHEMBL3342065,Q96RI1,0.00 
CHEMBL191578,Q96RI1,0.00 
CHEMBL184431,P03372,0.00 
CHEMBL28,Q92731,0.00 
CHEMBL2332584,P03372,0.00 
CHEMBL3896604,P51449,0.00 
CHEMBL264131,P10275,0.00 
CHEMBL363630,Q92731,0.00 
CHEMBL200893,P37231,0.00 
CHEMBL82609,P10276,0.00 
CHEMBL4162863,P37231,0.00 
CHEMBL3397338,P10828,0.00 
CHEMBL4225087,P51449,0.00 
CHEMBL1934486,Q07869,0.00 
CHEMBL3764209,P37231,0.00 
CHEMBL77609,Q92731,0.00 
CHEMBL558267,Q96RI1,0.00 
CHEMBL4091572,P11473,0.00 
CHEMBL3360190,Q07869,0.00 
CHEMBL214546,Q13133,0.00 
CHEMBL2022861,P04150,0.00 
CHEMBL163530,P10826,0.00 
CHEMBL132868,P03372,0.00 
CHEMBL1096975,Q92731,0.00 
CHEMBL2419304,P08235,0.00 
CHEMBL4174671,P37231,0.00 
CHEMBL1910408,P15207,0.00 
CHEMBL346159,P15207,0.00 
CHEMBL215245,Q07869,0.00 
CHEMBL4079083,P08235,0.00 
CHEMBL188049,P03372,0.00 
CHEMBL370567,P10275,0.00 
CHEMBL218914,P10275,0.00 
CHEMBL3622590,P10275,0.00 
CHEMBL8026,P04150,0.00 
CHEMBL4211724,P08235,0.00 
CHEMBL3695779,P37231,0.00 
CHEMBL4072143,Q03181,0.00 
CHEMBL4237295,Q03181,0.00 
CHEMBL463906,Q13133,0.00 
CHEMBL424636,P10826,0.00 
CHEMBL384533,P10275,0.00 
CHEMBL2037585,Q03181,0.00 
CHEMBL4239055,O75469,0.00 
CHEMBL1911151,P06401,0.00 
CHEMBL44,P15207,0.00 
CHEMBL4239777,Q96RI1,0.00 
CHEMBL203122,P03372,0.00 
CHEMBL30769,P03372,0.00 
CHEMBL4279772,P51449,0.00 
CHEMBL3962399,P51449,0.00 
CHEMBL310365,P04150,0.00 
CHEMBL345298,P10826,0.00 
CHEMBL235173,P10828,0.00 
CHEMBL1642359,Q96RI1,0.00 
CHEMBL3699430,P37231,0.00 
CHEMBL377644,P03372,0.00 
CHEMBL101914,P04150,0.00 
CHEMBL2381196,Q13133,0.00 
CHEMBL266488,P04150,0.00 
CHEMBL4204689,P62508,0.00 
CHEMBL208213,P28702,0.00 
CHEMBL179604,P37231,0.00 
CHEMBL364932,Q96RI1,0.00 
CHEMBL2035876,P10827,0.00 
CHEMBL3410854,P10275,0.00 
CHEMBL4176277,P11473,0.00 
CHEMBL549892,P55055,0.00 
CHEMBL3986458,P51449,0.00 
CHEMBL501649,P10275,0.00 
CHEMBL43238,P28702,0.00 
CHEMBL206648,P03372,0.00 
CHEMBL4086436,P04150,0.00 
CHEMBL132568,P48443,0.00 
CHEMBL3647445,P04150,0.00 
CHEMBL4217033,P62508,0.00 
CHEMBL393390,Q92731,0.00 
CHEMBL3337823,P08235,0.00 
CHEMBL1668084,P04150,0.00 
CHEMBL4171536,P51449,0.00 
CHEMBL3402134,P51449,0.00 
CHEMBL1094797,P04150,0.00 
CHEMBL216778,Q13285,0.00 
CHEMBL253416,P37231,0.00 
CHEMBL525989,P37231,0.00 
CHEMBL1253986,P06401,0.00 
CHEMBL4128665,Q92753,0.00 
CHEMBL1580036,P03372,0.00 
CHEMBL427183,P55055,0.00 
CHEMBL87307,Q07869,0.00 
CHEMBL3900429,P51449,0.00 
CHEMBL3115243,P37231,0.00 
CHEMBL334534,P48443,0.00 
CHEMBL196067,P06401,0.00 
CHEMBL3775732,P08235,0.00 
CHEMBL24966,P28702,0.00 
CHEMBL315989,P06186,0.00 
CHEMBL503687,P10275,0.00 
CHEMBL1083188,Q92731,0.00 
CHEMBL265938,Q13285,0.00 
CHEMBL3695825,P37231,0.00 
CHEMBL3763505,Q14994,0.00 
CHEMBL4208475,P51449,0.00 
CHEMBL3398436,P37231,0.00 
CHEMBL3736374,P37231,0.00 
CHEMBL3645263,P03372,0.00 
CHEMBL3421874,P04150,0.00 
CHEMBL489507,P37231,0.00 
CHEMBL3261414,P04150,0.00 
CHEMBL571226,P10828,0.00 
CHEMBL1835047,Q96RI1,0.00 
CHEMBL3617309,P55055,0.00 
CHEMBL491750,Q07869,0.00 
CHEMBL202617,P37231,0.00 
CHEMBL2326072,O95718,0.00 
CHEMBL1766,P04150,0.00 
CHEMBL372519,Q07869,0.00 
CHEMBL1801737,P37231,0.00 
CHEMBL2437296,P11473,0.00 
CHEMBL3894387,P51449,0.00 
CHEMBL194192,P55055,0.00 
CHEMBL214832,Q13133,0.00 
CHEMBL3968559,P03372,0.00 
CHEMBL385489,Q13133,0.00 
CHEMBL219016,P04150,0.00 
CHEMBL3946787,P51449,0.00 
CHEMBL391457,Q07869,0.00 
CHEMBL235904,P10828,0.00 
CHEMBL563805,P28700,0.00 
CHEMBL122495,P15207,0.00 
CHEMBL1911654,P04150,0.00 
CHEMBL489765,Q07869,0.00 
CHEMBL233177,Q03181,0.00 
CHEMBL2437041,P11473,0.00 
CHEMBL4160661,P37231,0.00 
CHEMBL281791,Q07869,0.00 
CHEMBL2325057,P11473,0.00 
CHEMBL220023,P04150,0.00 
CHEMBL4214493,P13631,0.00 
CHEMBL266282,P06536,0.00 
CHEMBL3695598,P06401,0.00 
CHEMBL229786,Q03181,0.00 
CHEMBL3900828,P10275,0.00 
CHEMBL92027,Q92731,0.00 
CHEMBL3818882,P10275,0.00 
CHEMBL193198,P10828,0.00 
CHEMBL3823637,Q96RI1,0.00 
CHEMBL3318038,Q07869,0.00 
CHEMBL1092578,P04150,0.00 
CHEMBL4068172,P11473,0.00 
CHEMBL3924049,P51449,0.00 
CHEMBL3893980,P37231,0.00 
CHEMBL1801010,P04150,0.00 
CHEMBL4078402,P37231,0.00 
CHEMBL238122,P10275,0.00 
CHEMBL1682420,P04150,0.00 
CHEMBL3094372,P51449,0.00 
CHEMBL218338,Q03181,0.00 
CHEMBL187978,P03372,0.00 
CHEMBL1509057,P22736,0.00 
CHEMBL520169,P08235,0.00 
CHEMBL3765679,P37231,0.00 
CHEMBL2037588,Q03181,0.00 
CHEMBL185114,P03372,0.00 
CHEMBL186073,P03372,0.00 
CHEMBL1254264,P04150,0.00 
CHEMBL102039,P28704,0.00 
CHEMBL3238293,P10275,0.00 
CHEMBL3290287,P03372,0.00 
CHEMBL2070847,P11473,0.00 
CHEMBL2031954,Q07869,0.00 
CHEMBL1442697,P03372,0.00 
CHEMBL1818254,P03372,0.00 
CHEMBL381697,P03372,0.00 
CHEMBL2022652,P04150,0.00 
CHEMBL3263753,P08235,0.00 
CHEMBL4286190,P51449,0.00 
CHEMBL381937,P10828,0.00 
CHEMBL3906807,P51449,0.00 
CHEMBL1828826,Q07869,0.00 
CHEMBL550568,Q13133,0.00 
CHEMBL228932,P04150,0.00 
CHEMBL3901588,P10276,0.00 
CHEMBL3774871,P08235,0.00 
CHEMBL195154,P03372,0.00 
CHEMBL2153833,Q07869,0.00 
CHEMBL3578271,Q92731,0.00 
CHEMBL4076693,P03372,0.00 
CHEMBL149438,P37231,0.00 
CHEMBL1760422,P37231,0.00 
CHEMBL2419308,P08235,0.00 
CHEMBL486176,Q03181,0.00 
CHEMBL42314,P13631,0.00 
CHEMBL1410824,P03372,0.00 
CHEMBL204222,P03372,0.00 
CHEMBL2070361,P55055,0.00 
CHEMBL198023,P37231,0.00 
CHEMBL3397342,P10828,0.00 
CHEMBL323773,P37231,0.00 
CHEMBL3115245,P37231,0.00 
CHEMBL365750,P55055,0.00 
CHEMBL3814153,Q13133,0.00 
CHEMBL3617297,Q13133,0.00 
CHEMBL3939711,P51449,0.00 
CHEMBL346215,P03372,0.00 
CHEMBL164176,P10826,0.00 
CHEMBL419721,Q96RI1,0.00 
CHEMBL1082539,P03372,0.00 
CHEMBL207469,P13053,0.00 
CHEMBL50885,P37231,0.00 
CHEMBL3699424,P37231,0.00 
CHEMBL326092,P06401,0.00 
CHEMBL2159565,P10275,0.00 
CHEMBL1254079,P04150,0.00 
CHEMBL4065193,P62509,0.00 
CHEMBL1406018,Q92731,0.00 
CHEMBL467888,P04150,0.00 
CHEMBL132033,P10826,0.00 
CHEMBL4229221,P03372,0.00 
CHEMBL1929041,P04150,0.00 
CHEMBL148327,P10276,0.00 
CHEMBL3622997,P03372,0.00 
CHEMBL4170100,P03372,0.00 
CHEMBL594176,P55055,0.00 
CHEMBL3335650,Q96RI1,0.00 
CHEMBL2079587,P15207,0.00 
CHEMBL92430,P19793,0.00 
CHEMBL3586192,P03372,0.00 
CHEMBL2037331,Q96RI1,0.00 
CHEMBL1548361,Q92731,0.00 
CHEMBL7177,P10275,0.00 
CHEMBL201880,Q03181,0.00 
CHEMBL330938,P37231,0.00 
CHEMBL492228,P06401,0.00 
CHEMBL1389986,Q92731,0.00 
CHEMBL593801,Q07869,0.00 
CHEMBL3936897,P03372,0.00 
CHEMBL242675,P04150,0.00 
CHEMBL4161349,P51449,0.00 
CHEMBL1085161,Q92731,0.00 
CHEMBL237958,P10828,0.00 
CHEMBL236863,P10827,0.00 
CHEMBL439806,Q92731,0.00 
CHEMBL219156,Q07869,0.00 
CHEMBL3093442,P04150,0.00 
CHEMBL120759,P10276,0.00 
CHEMBL3695780,P37231,0.00 
CHEMBL519560,P06401,0.00 
CHEMBL3605926,P08235,0.00 
CHEMBL173159,P37231,0.00 
CHEMBL144877,P37231,0.00 
CHEMBL2372060,P03372,0.00 
CHEMBL121106,P37231,0.00 
CHEMBL25244,P19793,0.00 
CHEMBL468608,P13631,0.00 
CHEMBL3109222,P51449,0.00 
CHEMBL1744065,P15207,0.00 
CHEMBL4061510,P10275,0.00 
CHEMBL3640862,P15207,0.00 
CHEMBL198204,Q92731,0.00 
CHEMBL481350,P10275,0.00 
CHEMBL3093448,P04150,0.00 
CHEMBL4248754,Q96RI1,0.00 
CHEMBL213838,P03372,0.00 
CHEMBL210973,P55055,0.00 
CHEMBL3902219,P06401,0.00 
CHEMBL267231,P06401,0.00 
CHEMBL398432,P10275,0.00 
CHEMBL204970,P62508,0.00 
CHEMBL2159544,P10275,0.00 
CHEMBL106896,P28704,0.00 
CHEMBL1254734,P08235,0.00 
CHEMBL3914776,P51449,0.00 
CHEMBL2070449,P55055,0.00 
CHEMBL1784260,P03372,0.00 
CHEMBL3984292,P51449,0.00 
CHEMBL4214210,Q13133,0.00 
CHEMBL206440,Q92731,0.00 
CHEMBL383011,Q03181,0.00 
CHEMBL3315064,P04150,0.00 
CHEMBL294710,Q92731,0.00 
CHEMBL39129,Q07869,0.00 
CHEMBL1081207,Q03181,0.00 
CHEMBL3827169,P19793,0.00 
CHEMBL1484570,P22736,0.00 
CHEMBL27769,P06186,0.00 
CHEMBL50619,P06401,0.00 
CHEMBL3699376,P37231,0.00 
CHEMBL3590271,P55055,0.00 
CHEMBL470152,P04150,0.00 
CHEMBL1940548,P04150,0.00 
CHEMBL434525,P03372,0.00 
CHEMBL1924001,P10275,0.00 
CHEMBL386502,P03372,0.00 
CHEMBL3639397,P15207,0.00 
CHEMBL284453,Q92731,0.00 
CHEMBL3335657,Q96RI1,0.00 
CHEMBL4067157,P51450,0.00 
CHEMBL3963440,P51449,0.00 
CHEMBL4173278,P11474,0.00 
CHEMBL1584646,Q92731,0.00 
CHEMBL331206,Q07869,0.00 
CHEMBL237122,P10275,0.00 
CHEMBL370809,Q07869,0.00 
CHEMBL3398443,Q07869,0.00 
CHEMBL1392657,P03372,0.00 
CHEMBL1760269,Q03181,0.00 
CHEMBL2103774,P03372,0.00 
CHEMBL94749,P04150,0.00 
CHEMBL96184,P10826,0.00 
CHEMBL329334,P13631,0.00 
CHEMBL3264936,P04150,0.00 
CHEMBL3261167,P04150,0.00 
CHEMBL564479,P06401,0.00 
CHEMBL205934,P03372,0.00 
CHEMBL4098197,P04150,0.00 
CHEMBL1596554,P03372,0.00 
CHEMBL86893,P19793,0.00 
CHEMBL1334930,P03372,0.00 
CHEMBL244205,P03372,0.00 
CHEMBL4203742,P13631,0.00 
CHEMBL3706874,P10275,0.00 
CHEMBL4128926,P51449,0.00 
CHEMBL3695895,P37231,0.00 
CHEMBL2204695,P37231,0.00 
CHEMBL468714,Q96RI1,0.00 
CHEMBL107367,Q07869,0.00 
CHEMBL4127282,Q92753,0.00 
CHEMBL85482,P06186,0.00 
CHEMBL2012765,P55055,0.00 
CHEMBL4092300,Q92731,0.00 
CHEMBL3323496,P10275,0.00 
CHEMBL194301,P06401,0.00 
CHEMBL4163456,Q96RI1,0.00 
CHEMBL3393179,Q96RI1,0.00 
CHEMBL3823564,Q96RI1,0.00 
CHEMBL369545,P03372,0.00 
CHEMBL1413056,Q92731,0.00 
CHEMBL560510,P10828,0.00 
CHEMBL367311,Q07869,0.00 
CHEMBL1075836,Q03181,0.00 
CHEMBL4217811,P51449,0.00 
CHEMBL234382,Q03181,0.00 
CHEMBL3109596,P11473,0.00 
CHEMBL3115239,P37238,0.00 
CHEMBL2426157,P04150,0.00 
CHEMBL401219,P08235,0.00 
CHEMBL3957890,P08235,0.00 
CHEMBL4163093,P37231,0.00 
CHEMBL4171515,P28702,0.00 
CHEMBL3263764,P10275,0.00 
CHEMBL309282,P10826,0.00 
CHEMBL4126317,Q92753,0.00 
CHEMBL4228617,P03372,0.00 
CHEMBL3598047,P35398,0.00 
CHEMBL4125723,P51449,0.00 
CHEMBL351943,P28702,0.00 
CHEMBL2326410,P51449,0.00 
CHEMBL3313987,P51449,0.00 
CHEMBL3678112,P37231,0.00 
CHEMBL176421,Q03181,0.00 
CHEMBL4284016,Q92753,0.00 
CHEMBL430004,P06401,0.00 
CHEMBL3978825,P51449,0.00 
CHEMBL489584,Q92731,0.00 
CHEMBL551885,P06401,0.00 
CHEMBL203748,P10275,0.00 
CHEMBL41890,P28704,0.00 
CHEMBL187087,Q92731,0.00 
CHEMBL1163620,P06401,0.00 
CHEMBL519721,P10828,0.00 
CHEMBL2426139,P04150,0.00 
CHEMBL192427,P10828,0.00 
CHEMBL1075723,Q03181,0.00 
CHEMBL1098709,Q92731,0.00 
CHEMBL135236,Q92731,0.00 
CHEMBL40738,P10828,0.00 
CHEMBL318409,P08235,0.00 
CHEMBL4091374,P35396,0.00 
CHEMBL4278678,P03372,0.00 
CHEMBL2178798,P03372,0.00 
CHEMBL2204685,Q07869,0.00 
CHEMBL3692348,P08235,0.00 
CHEMBL166323,P10275,0.00 
CHEMBL1929029,P08235,0.00 
CHEMBL394194,P10275,0.00 
CHEMBL90254,P19793,0.00 
CHEMBL284937,P10826,0.00 
CHEMBL279211,Q07869,0.00 
CHEMBL4065761,P03372,0.00 
CHEMBL188792,Q92731,0.00 
CHEMBL248530,Q07869,0.00 
CHEMBL3818420,P10275,0.00 
CHEMBL4097419,P11473,0.00 
CHEMBL238147,P04150,0.00 
CHEMBL3114111,Q96RI1,0.00 
CHEMBL2398716,O75469,0.00 
CHEMBL2079587,P03372,0.00 
CHEMBL3934548,P51449,0.00 
CHEMBL1210842,P10275,0.00 
CHEMBL477940,P37231,0.00 
CHEMBL3640832,P15207,0.00 
CHEMBL3937406,P04150,0.00 
CHEMBL3912971,P51449,0.00 
CHEMBL265868,Q03181,0.00 
CHEMBL3931949,P51449,0.00 
CHEMBL314384,P06186,0.00 
CHEMBL3765763,Q07869,0.00 
CHEMBL4066573,P06401,0.00 
CHEMBL333484,P06401,0.00 
CHEMBL204902,Q92731,0.00 
CHEMBL316078,P06401,0.00 
CHEMBL221649,Q07869,0.00 
CHEMBL137103,P04150,0.00 
CHEMBL4247363,P03372,0.00 
CHEMBL2011538,P37231,0.00 
CHEMBL4212795,P62508,0.00 
CHEMBL3421888,P04150,0.00 
CHEMBL3964460,P04150,0.00 
CHEMBL3315050,P04150,0.00 
CHEMBL399876,P10275,0.00 
CHEMBL295416,P37231,0.00 
CHEMBL3699401,P37231,0.00 
CHEMBL3398435,P37231,0.00 
CHEMBL62135,Q13133,0.00 
CHEMBL321243,P06401,0.00 
CHEMBL81676,P23204,0.00 
CHEMBL1328586,Q92731,0.00 
CHEMBL2385912,P35398,0.00 
CHEMBL153062,P03372,0.00 
CHEMBL396089,P10827,0.00 
CHEMBL40614,P37231,0.00 
CHEMBL3105804,P51449,0.00 
CHEMBL125235,P15207,0.00 
CHEMBL1760425,Q03181,0.00 
CHEMBL386806,P04150,0.00 
CHEMBL2105611,P11473,0.00 
CHEMBL134140,P10275,0.00 
CHEMBL222580,P03372,0.00 
CHEMBL4098415,Q07869,0.00 
CHEMBL568893,P06401,0.00 
CHEMBL234524,Q92731,0.00 
CHEMBL488173,Q13133,0.00 
CHEMBL234799,P37231,0.00 
CHEMBL194866,P55055,0.00 
CHEMBL1946753,P37231,0.00 
CHEMBL3640822,P15207,0.00 
CHEMBL552185,P10828,0.00 
CHEMBL420742,P04150,0.00 
CHEMBL396200,P19793,0.00 
CHEMBL482642,Q92731,0.00 
CHEMBL3337828,P08235,0.00 
CHEMBL4165140,P11474,0.00 
CHEMBL377295,Q92731,0.00 
CHEMBL583858,P06401,0.00 
CHEMBL2426624,P10275,0.00 
CHEMBL233976,Q07869,0.00 
CHEMBL3955333,P51449,0.00 
CHEMBL133176,Q499N1,0.00 
CHEMBL1669762,P03372,0.00 
CHEMBL3960996,P51449,0.00 
CHEMBL2381204,P20393,0.00 
CHEMBL4166530,P03372,0.00 
CHEMBL92777,P06401,0.00 
CHEMBL469982,P10275,0.00 
CHEMBL493490,Q92731,0.00 
CHEMBL91718,P13631,0.00 
CHEMBL559854,P10828,0.00 
CHEMBL4177154,P37231,0.00 
CHEMBL389393,P03372,0.00 
CHEMBL83953,P10827,0.00 
CHEMBL363018,Q07869,0.00 
CHEMBL2070460,P55055,0.00 
CHEMBL365035,P15207,0.00 
CHEMBL495817,Q07869,0.00 
CHEMBL4088694,Q92731,0.00 
CHEMBL383607,P37231,0.00 
CHEMBL3589696,Q92731,0.00 
CHEMBL3917144,P06401,0.00 
CHEMBL2158012,Q07869,0.00 
CHEMBL3361049,P51449,0.00 
CHEMBL190104,Q92731,0.00 
CHEMBL153706,P03372,0.00 
CHEMBL213457,Q92731,0.00 
CHEMBL196347,P04150,0.00 
CHEMBL134602,P10275,0.00 
CHEMBL385544,Q13133,0.00 
CHEMBL4177113,P11474,0.00 
CHEMBL1783064,P37231,0.00 
CHEMBL459563,P55055,0.00 
CHEMBL346703,P10276,0.00 
CHEMBL3963614,P10275,0.00 
CHEMBL1469900,P22736,0.00 
CHEMBL156641,P10275,0.00 
CHEMBL3403688,P55055,0.00 
CHEMBL503957,P04150,0.00 
CHEMBL595125,P55055,0.00 
CHEMBL257180,Q07869,0.00 
CHEMBL103294,Q92731,0.00 
CHEMBL421773,P13631,0.00 
CHEMBL3967063,P51449,0.00 
CHEMBL4127932,P51449,0.00 
CHEMBL121893,P10828,0.00 
CHEMBL403418,Q13133,0.00 
CHEMBL2079581,P15207,0.00 
CHEMBL3929300,P51449,0.00 
CHEMBL1200474,Q92731,0.00 
CHEMBL226269,P03372,0.00 
CHEMBL407848,P06401,0.00 
CHEMBL550035,Q13133,0.00 
CHEMBL236033,P10827,0.00 
CHEMBL144045,P06401,0.00 
CHEMBL2037327,Q96RI1,0.00 
CHEMBL4206798,P03372,0.00 
CHEMBL495904,P37231,0.00 
CHEMBL574787,Q13133,0.00 
CHEMBL337393,P10826,0.00 
CHEMBL114607,P10275,0.00 
CHEMBL260419,Q13285,0.00 
CHEMBL522727,P37238,0.00 
CHEMBL3981920,P51449,0.00 
CHEMBL102039,P19793,0.00 
CHEMBL1087298,Q92731,0.00 
CHEMBL203409,Q03181,0.00 
CHEMBL4077949,P08235,0.00 
CHEMBL3657149,P03372,0.00 
CHEMBL501440,P37231,0.00 
CHEMBL106817,P19793,0.00 
CHEMBL1253987,P04150,0.00 
CHEMBL94030,P03372,0.00 
CHEMBL190901,P55055,0.00 
CHEMBL48858,P06401,0.00 
CHEMBL44426,Q92731,0.00 
CHEMBL3578273,P08235,0.00 
CHEMBL393373,Q03181,0.00 
CHEMBL4209440,Q07869,0.00 
CHEMBL472451,Q07869,0.00 
CHEMBL386915,P04150,0.00 
CHEMBL1911268,P04150,0.00 
CHEMBL4210727,P51449,0.00 
CHEMBL369542,P10275,0.00 
CHEMBL189039,P03372,0.00 
CHEMBL282575,P04150,0.00 
CHEMBL1091940,P35398,0.00 
CHEMBL221438,Q07869,0.00 
CHEMBL3421892,P04150,0.00 
CHEMBL3238285,P10275,0.00 
CHEMBL1380908,P28702,0.00 
CHEMBL717,P04150,0.00 
CHEMBL4099639,P04150,0.00 
CHEMBL1237061,P19793,0.00 
CHEMBL199255,Q13133,0.00 
CHEMBL3318038,P37231,0.00 
CHEMBL1501,P04150,0.00 
CHEMBL184981,P10275,0.00 
CHEMBL4173064,P37231,0.00 
CHEMBL3706939,P04150,0.00 
CHEMBL370175,Q13133,0.00 
CHEMBL457977,O75469,0.00 
CHEMBL484063,Q07869,0.00 
CHEMBL1433062,Q92731,0.00 
CHEMBL186513,Q92731,0.00 
CHEMBL434935,P37231,0.00 
CHEMBL3974483,P51449,0.00 
CHEMBL453391,P55055,0.00 
CHEMBL4217784,Q13133,0.00 
CHEMBL3403704,P55055,0.00 
CHEMBL4077898,P04150,0.00 
CHEMBL238044,P04150,0.00 
CHEMBL3909089,P15207,0.00 
CHEMBL573651,Q13133,0.00 
CHEMBL2031859,Q07869,0.00 
CHEMBL3960035,P13631,0.00 
CHEMBL464189,Q13133,0.00 
CHEMBL2403347,P03372,0.00 
CHEMBL462234,P10275,0.00 
CHEMBL3261425,P06536,0.00 
CHEMBL228715,P06401,0.00 
CHEMBL2035881,P10827,0.00 
CHEMBL95803,P06211,0.00 
CHEMBL3640843,P15207,0.00 
CHEMBL4165075,P51449,0.00 
CHEMBL3409958,P03372,0.00 
CHEMBL4217033,O95718,0.00 
CHEMBL4281062,P19793,0.00 
CHEMBL1404155,P03372,0.00 
CHEMBL3962245,P51449,0.00 
CHEMBL4176843,P03372,0.00 
CHEMBL3947101,P51449,0.00 
CHEMBL1584730,Q92731,0.00 
CHEMBL1092931,Q07869,0.00 
CHEMBL442909,P37231,0.00 
CHEMBL247603,P04150,0.00 
CHEMBL1254995,P04150,0.00 
CHEMBL193152,P10828,0.00 
CHEMBL214692,Q92731,0.00 
CHEMBL57875,P03372,0.00 
CHEMBL182593,P10275,0.00 
CHEMBL160665,P10275,0.00 
CHEMBL3323503,P10275,0.00 
CHEMBL3699366,P37231,0.00 
CHEMBL2419305,P04150,0.00 
CHEMBL3105820,P51449,0.00 
CHEMBL3950554,P51449,0.00 
CHEMBL3959354,P51449,0.00 
CHEMBL253311,Q13133,0.00 
CHEMBL3647449,P04150,0.00 
CHEMBL415524,P08235,0.00 
CHEMBL506297,P06401,0.00 
CHEMBL193865,Q92731,0.00 
CHEMBL2385743,P35398,0.00 
CHEMBL551944,P04150,0.00 
CHEMBL3934381,P51449,0.00 
CHEMBL3678162,P37231,0.00 
CHEMBL121893,P10827,0.00 
CHEMBL377166,Q92731,0.00 
CHEMBL459563,Q13133,0.00 
CHEMBL4170594,P37231,0.00 
CHEMBL221292,Q03181,0.00 
CHEMBL1416417,Q92731,0.00 
CHEMBL1911648,P04150,0.00 
CHEMBL361751,Q92731,0.00 
CHEMBL405154,P03372,0.00 
CHEMBL3957141,P51449,0.00 
CHEMBL384444,P04150,0.00 
CHEMBL2419306,P04150,0.00 
CHEMBL200483,P03372,0.00 
CHEMBL3317830,P51449,0.00 
CHEMBL3398424,Q07869,0.00 
CHEMBL3218918,P51449,0.00 
CHEMBL414442,P37231,0.00 
CHEMBL226461,P55055,0.00 
CHEMBL1934484,Q03181,0.00 
CHEMBL131826,P10826,0.00 
CHEMBL4127282,P51449,0.00 
CHEMBL3318056,P10275,0.00 
CHEMBL564902,Q07869,0.00 
CHEMBL3954992,P51449,0.00 
CHEMBL219134,P03372,0.00 
CHEMBL221489,P37231,0.00 
CHEMBL4126040,P51449,0.00 
CHEMBL150721,P03372,0.00 
CHEMBL118756,P37231,0.00 
CHEMBL1180,P13631,0.00 
CHEMBL340555,Q05343,0.00 
CHEMBL3105798,P51449,0.00 
CHEMBL416794,P37231,0.00 
CHEMBL1448466,Q92731,0.00 
CHEMBL110691,P04150,0.00 
CHEMBL3643693,P08235,0.00 
CHEMBL382632,Q92731,0.00 
CHEMBL4176762,P37231,0.00 
CHEMBL3827098,P03372,0.00 
CHEMBL250101,P10828,0.00 
CHEMBL1087919,Q92731,0.00 
CHEMBL4216877,P03372,0.00 
CHEMBL3953392,P51449,0.00 
CHEMBL4101577,Q03181,0.00 
CHEMBL117918,Q07869,0.00 
CHEMBL138544,Q92731,0.00 
CHEMBL1092235,P37231,0.00 
CHEMBL388997,P06401,0.00 
CHEMBL563181,P10827,0.00 
CHEMBL3957342,P10826,0.00 
CHEMBL2381214,P20393,0.00 
CHEMBL501080,P04150,0.00 
CHEMBL370282,Q92731,0.00 
CHEMBL2348887,P11473,0.00 
CHEMBL198091,P37231,0.00 
CHEMBL271853,P04150,0.00 
CHEMBL561245,P10828,0.00 
CHEMBL183173,P10275,0.00 
CHEMBL530109,P06401,0.00 
CHEMBL130232,P48443,0.00 
CHEMBL3706907,P10275,0.00 
CHEMBL497203,Q03181,0.00 
CHEMBL306689,P04150,0.00 
CHEMBL228492,P37231,0.00 
CHEMBL150593,Q92731,0.00 
CHEMBL225828,Q13133,0.00 
CHEMBL2338486,P37231,0.00 
CHEMBL230523,P37231,0.00 
CHEMBL373685,P37231,0.00 
CHEMBL214333,P04150,0.00 
CHEMBL3818826,P10275,0.00 
CHEMBL3323472,P10275,0.00 
CHEMBL2326074,P11474,0.00 
CHEMBL3936931,P10275,0.00 
CHEMBL3984806,P51449,0.00 
CHEMBL93705,P03372,0.00 
CHEMBL3263246,P37231,0.00 
CHEMBL3598052,P51450,0.00 
CHEMBL3427412,P03372,0.00 
CHEMBL316132,P03372,0.00 
CHEMBL4077815,P03372,0.00 
CHEMBL4249586,O75469,0.00 
CHEMBL2112993,Q03181,0.00 
CHEMBL4225034,P03372,0.00 
CHEMBL103237,P06401,0.00 
CHEMBL551784,P06401,0.00 
CHEMBL3361064,P51449,0.00 
CHEMBL191423,P04150,0.00 
CHEMBL200483,Q92731,0.00 
CHEMBL1475434,P03372,0.00 
CHEMBL191984,Q96RI1,0.00 
CHEMBL205634,P28702,0.00 
CHEMBL426641,P03372,0.00 
CHEMBL192325,Q92731,0.00 
CHEMBL539462,P03372,0.00 
CHEMBL336086,Q5BJR8,0.00 
CHEMBL355924,P37231,0.00 
CHEMBL2153843,Q07869,0.00 
CHEMBL227749,P10275,0.00 
CHEMBL3598041,P51449,0.00 
CHEMBL200071,P37231,0.00 
CHEMBL2113106,P37231,0.00 
CHEMBL1090477,P04150,0.00 
CHEMBL4109641,P51449,0.00 
CHEMBL404183,P04150,0.00 
CHEMBL4243271,O75469,0.00 
CHEMBL495020,P55055,0.00 
CHEMBL4169100,P04150,0.00 
CHEMBL135649,Q92731,0.00 
CHEMBL3581545,P51449,0.00 
CHEMBL124088,P15207,0.00 
CHEMBL4285849,P37231,0.00 
CHEMBL3093443,P06401,0.00 
CHEMBL4072125,Q03181,0.00 
CHEMBL3126371,P10828,0.00 
CHEMBL3817881,P10275,0.00 
CHEMBL3939447,P08235,0.00 
CHEMBL202007,P10275,0.00 
CHEMBL3342786,P55055,0.00 
CHEMBL3640855,P15207,0.00 
CHEMBL234460,Q92731,0.00 
CHEMBL3953927,O75469,0.00 
CHEMBL3623100,Q13133,0.00 
CHEMBL2386399,P10275,0.00 
CHEMBL457036,P04150,0.00 
CHEMBL4176232,P03372,0.00 
CHEMBL253521,P55055,0.00 
CHEMBL1380908,P48443,0.00 
CHEMBL3314003,Q13133,0.00 
CHEMBL4168429,P11474,0.00 
CHEMBL2070367,P55055,0.00 
CHEMBL3605929,P06401,0.00 
CHEMBL3605929,P06536,0.00 
CHEMBL3979964,P51449,0.00 
CHEMBL486176,Q07869,0.00 
CHEMBL205137,P03372,0.00 
CHEMBL3971973,P51449,0.00 
CHEMBL430616,P13631,0.00 
CHEMBL424636,P19793,0.00 
CHEMBL4079659,Q96RI1,0.00 
CHEMBL3094481,P08235,0.00 
CHEMBL4129656,Q92753,0.00 
CHEMBL3764076,Q07869,0.00 
CHEMBL317824,P06211,0.00 
CHEMBL593739,Q13133,0.00 
CHEMBL51933,P04150,0.00 
CHEMBL360385,Q92731,0.00 
CHEMBL3926261,P51449,0.00 
CHEMBL303094,P04150,0.00 
CHEMBL573966,P37231,0.00 
CHEMBL3941091,P51449,0.00 
CHEMBL101382,Q92731,0.00 
CHEMBL1783064,Q07869,0.00 
CHEMBL7089,P10275,0.00 
CHEMBL4228617,Q92731,0.00 
CHEMBL1765167,P35398,0.00 
CHEMBL403039,P10275,0.00 
CHEMBL564996,P06401,0.00 
CHEMBL393392,P08235,0.00 
CHEMBL364746,Q96RI1,0.00 
CHEMBL390577,P10275,0.00 
CHEMBL435512,Q07869,0.00 
CHEMBL520857,P10828,0.00 
CHEMBL1760414,Q03181,0.00 
CHEMBL2181933,P08235,0.00 
CHEMBL4218423,P51449,0.00 
CHEMBL1163481,P10275,0.00 
CHEMBL195465,P03372,0.00 
CHEMBL314483,Q03181,0.00 
CHEMBL4085241,P04150,0.00 
CHEMBL541908,P04150,0.00 
CHEMBL179542,P37231,0.00 
CHEMBL131,P06401,0.00 
CHEMBL1911270,P04150,0.00 
CHEMBL3360973,Q13133,0.00 
CHEMBL505445,P55055,0.00 
CHEMBL524104,P03372,0.00 
CHEMBL4244598,Q96RI1,0.00 
CHEMBL3314005,P51449,0.00 
CHEMBL3086023,P08235,0.00 
CHEMBL4278241,P10275,0.00 
CHEMBL329902,Q92731,0.00 
CHEMBL2035883,P10828,0.00 
CHEMBL2158961,P37231,0.00 
CHEMBL4105108,Q96RI1,0.00 
CHEMBL4087674,P10275,0.00 
CHEMBL3678121,P37231,0.00 
CHEMBL538137,P10275,0.00 
CHEMBL4217478,P51449,0.00 
CHEMBL3957141,P13631,0.00 
CHEMBL2437049,P11473,0.00 
CHEMBL2386395,P10275,0.00 
CHEMBL3590263,P55055,0.00 
CHEMBL431807,P06401,0.00 
CHEMBL563916,P04150,0.00 
CHEMBL3912299,P51449,0.00 
CHEMBL187207,P06211,0.00 
CHEMBL482064,P10275,0.00 
CHEMBL3982975,P04150,0.00 
CHEMBL1334452,Q92731,0.00 
CHEMBL3234263,P51449,0.00 
CHEMBL188129,P10275,0.00 
CHEMBL416869,P04150,0.00 
CHEMBL337885,P06401,0.00 
CHEMBL35204,P03372,0.00 
CHEMBL3609363,Q13133,0.00 
CHEMBL1566266,P03372,0.00 
CHEMBL488991,P37231,0.00 
CHEMBL355980,P03372,0.00 
CHEMBL371087,P37231,0.00 
CHEMBL363955,Q92731,0.00 
CHEMBL3398455,P37231,0.00 
CHEMBL292284,P06401,0.00 
CHEMBL3581533,Q96RI1,0.00 
CHEMBL552769,P04150,0.00 
CHEMBL1911649,P06401,0.00 
CHEMBL1075724,Q03181,0.00 
CHEMBL3976442,P37231,0.00 
CHEMBL227783,P04150,0.00 
CHEMBL3578286,P10275,0.00 
CHEMBL3823776,P11473,0.00 
CHEMBL173236,Q07869,0.00 
CHEMBL397920,P10275,0.00 
CHEMBL218487,Q07869,0.00 
CHEMBL4064736,P03372,0.00 
CHEMBL366207,P37231,0.00 
CHEMBL3747184,P11473,0.00 
CHEMBL2070364,P55055,0.00 
CHEMBL3360843,P03372,0.00 
CHEMBL2332570,Q92731,0.00 
CHEMBL282575,P03372,0.00 
CHEMBL1957607,P10275,0.00 
CHEMBL3360960,Q13133,0.00 
CHEMBL383253,P03372,0.00 
CHEMBL600466,P06401,0.00 
CHEMBL3827045,P03372,0.00 
CHEMBL328716,P03372,0.00 
CHEMBL1328182,P22736,0.00 
CHEMBL110408,Q07869,0.00 
CHEMBL1465490,Q92731,0.00 
CHEMBL1253818,P04150,0.00 
CHEMBL1760408,P37231,0.00 
CHEMBL358938,Q92731,0.00 
CHEMBL3967604,P51449,0.00 
CHEMBL403921,P04150,0.00 
CHEMBL3896975,P51449,0.00 
CHEMBL391068,Q07869,0.00 
CHEMBL340555,Q5BJR8,0.00 
CHEMBL549725,P06401,0.00 
CHEMBL20125,Q03181,0.00 
CHEMBL1353227,P22736,0.00 
CHEMBL3943070,P51449,0.00 
CHEMBL1325233,P22736,0.00 
CHEMBL447102,Q92731,0.00 
CHEMBL4072730,P10275,0.00 
CHEMBL3098772,Q05343,0.00 
CHEMBL2332594,Q92731,0.00 
CHEMBL1348377,P03372,0.00 
CHEMBL3919681,P51449,0.00 
CHEMBL1684355,P04150,0.00 
CHEMBL163067,P18113,0.00 
CHEMBL705,P19793,0.00 
CHEMBL62981,P06401,0.00 
CHEMBL1672545,P04150,0.00 
CHEMBL3818620,P10275,0.00 
CHEMBL1479,P04150,0.00 
CHEMBL3692346,P06401,0.00 
CHEMBL2332570,P03372,0.00 
CHEMBL4167413,P51449,0.00 
CHEMBL519504,Q07869,0.00 
CHEMBL200732,Q03181,0.00 
CHEMBL3337832,P06401,0.00 
CHEMBL388831,P10275,0.00 
CHEMBL4204610,P62508,0.00 
CHEMBL4127761,P37231,0.00 
CHEMBL4165756,Q96RI1,0.00 
CHEMBL3643650,P08235,0.00 
CHEMBL4082196,Q92731,0.00 
CHEMBL48352,P03372,0.00 
CHEMBL1495173,Q92731,0.00 
CHEMBL561649,P10828,0.00 
CHEMBL397919,P08235,0.00 
CHEMBL501979,P37231,0.00 
CHEMBL186598,P03372,0.00 
CHEMBL2037311,Q96RI1,0.00 
CHEMBL243790,P03372,0.00 
CHEMBL358325,P37231,0.00 
CHEMBL3578284,P04150,0.00 
CHEMBL235496,Q92731,0.00 
CHEMBL1097284,P03372,0.00 
CHEMBL3963570,P51449,0.00 
CHEMBL399887,P10275,0.00 
CHEMBL361362,Q03181,0.00 
CHEMBL3609401,P51449,0.00 
CHEMBL2035068,Q03181,0.00 
CHEMBL212419,P03372,0.00 
CHEMBL2337517,P10275,0.00 
CHEMBL1349382,P22736,0.00 
CHEMBL3234612,P03372,0.00 
CHEMBL1091939,Q92753,0.00 
CHEMBL3105805,P51449,0.00 
CHEMBL421781,P37231,0.00 
CHEMBL197548,P10275,0.00 
CHEMBL377660,Q03181,0.00 
CHEMBL1442697,P22736,0.00 
CHEMBL1643196,Q03181,0.00 
CHEMBL3578284,P06401,0.00 
CHEMBL274667,P15207,0.00 
CHEMBL192386,Q92731,0.00 
CHEMBL264862,P03372,0.00 
CHEMBL594050,P55055,0.00 
CHEMBL118307,P28702,0.00 
CHEMBL138098,P04150,0.00 
CHEMBL1682431,P04150,0.00 
CHEMBL188410,Q92731,0.00 
CHEMBL2037584,Q03181,0.00 
CHEMBL551106,P10828,0.00 
CHEMBL410683,O75469,0.00 
CHEMBL3774648,P51450,0.00 
CHEMBL1625260,Q14994,0.00 
CHEMBL181554,P37231,0.00 
CHEMBL1087812,Q92731,0.00 
CHEMBL436859,P08235,0.00 
CHEMBL356326,P13631,0.00 
CHEMBL551962,P10828,0.00 
CHEMBL27413,P10275,0.00 
CHEMBL3596632,P51449,0.00 
CHEMBL3109223,P51449,0.00 
CHEMBL186073,Q92731,0.00 
CHEMBL1313979,P03372,0.00 
CHEMBL342418,Q92731,0.00 
CHEMBL4086416,P08235,0.00 
CHEMBL131826,P28702,0.00 
CHEMBL78124,P06536,0.00 
CHEMBL425970,P08235,0.00 
CHEMBL1393548,Q92731,0.00 
CHEMBL3764076,P37231,0.00 
CHEMBL1940689,P04150,0.00 
CHEMBL3952077,P51449,0.00 
CHEMBL1911545,P06401,0.00 
CHEMBL176421,Q07869,0.00 
CHEMBL3930349,P06401,0.00 
CHEMBL132193,P06401,0.00 
CHEMBL494073,P55055,0.00 
CHEMBL3398451,Q07869,0.00 
CHEMBL3427403,P03372,0.00 
CHEMBL219015,P04150,0.00 
CHEMBL3105669,P51450,0.00 
CHEMBL2407681,P08235,0.00 
CHEMBL3894396,P51449,0.00 
CHEMBL391084,Q03181,0.00 
CHEMBL1577661,P03372,0.00 
CHEMBL519450,P10275,0.00 
CHEMBL231802,P04150,0.00 
CHEMBL425939,P10828,0.00 
CHEMBL236499,P10827,0.00 
CHEMBL212992,P03372,0.00 
CHEMBL4290022,P10275,0.00 
CHEMBL3393182,P37231,0.00 
CHEMBL3695776,P37231,0.00 
CHEMBL3814000,Q13133,0.00 
CHEMBL1760420,P37231,0.00 
CHEMBL204118,Q92731,0.00 
CHEMBL4128427,P51449,0.00 
CHEMBL112725,P37231,0.00 
CHEMBL3132980,P10275,0.00 
CHEMBL2332887,P19793,0.00 
CHEMBL3263232,P37231,0.00 
CHEMBL4283229,Q92731,0.00 
CHEMBL315048,P37231,0.00 
CHEMBL552285,P06401,0.00 
CHEMBL1210152,P10275,0.00 
CHEMBL573678,P55055,0.00 
CHEMBL1760421,Q07869,0.00 
CHEMBL363017,P03372,0.00 
CHEMBL369607,Q03181,0.00 
CHEMBL202738,Q92731,0.00 
CHEMBL2382127,Q92731,0.00 
CHEMBL433769,P03372,0.00 
CHEMBL211371,P37231,0.00 
CHEMBL389481,P06401,0.00 
CHEMBL2070347,P55055,0.00 
CHEMBL2312708,Q07869,0.00 
CHEMBL3138054,Q96RI1,0.00 
CHEMBL350485,P10826,0.00 
CHEMBL1668246,Q96RI1,0.00 
CHEMBL187313,P03372,0.00 
CHEMBL107789,Q07869,0.00 
CHEMBL1669776,P22199,0.00 
CHEMBL1577029,P03372,0.00 
CHEMBL394644,P10828,0.00 
CHEMBL2113712,P06401,0.00 
CHEMBL122417,Q07869,0.00 
CHEMBL106666,Q07869,0.00 
CHEMBL62700,P06401,0.00 
CHEMBL279053,P37231,0.00 
CHEMBL3906538,P51449,0.00 
CHEMBL1956359,Q07869,0.00 
CHEMBL3912442,P51449,0.00 
CHEMBL4101596,P37231,0.00 
CHEMBL86657,P37231,0.00 
CHEMBL146579,P37231,0.00 
CHEMBL4095450,P22199,0.00 
CHEMBL192769,Q96RI1,0.00 
CHEMBL3798227,P51449,0.00 
CHEMBL1684357,P04150,0.00 
CHEMBL4214635,Q92731,0.00 
CHEMBL383646,Q13133,0.00 
CHEMBL392063,Q07869,0.00 
CHEMBL204697,P62508,0.00 
CHEMBL430505,P37231,0.00 
CHEMBL3815001,Q13133,0.00 
CHEMBL4169596,Q96RI1,0.00 
CHEMBL4226012,P10276,0.00 
CHEMBL612006,Q13133,0.00 
CHEMBL3115242,P37231,0.00 
CHEMBL381891,P37231,0.00 
CHEMBL1377708,P22736,0.00 
CHEMBL356893,P03372,0.00 
CHEMBL1085593,P06401,0.00 
CHEMBL1087040,Q92731,0.00 
CHEMBL565198,P37231,0.00 
CHEMBL200045,P37231,0.00 
CHEMBL3094431,P37231,0.00 
CHEMBL4093975,Q03181,0.00 
CHEMBL4163054,P11474,0.00 
CHEMBL3901107,P51449,0.00 
CHEMBL1095542,P04150,0.00 
CHEMBL3898358,P06401,0.00 
CHEMBL125728,P10828,0.00 
CHEMBL396656,P10275,0.00 
CHEMBL3695599,P10275,0.00 
CHEMBL426592,Q07869,0.00 
CHEMBL15594,P37231,0.00 
CHEMBL410399,P19793,0.00 
CHEMBL225514,P03372,0.00 
CHEMBL382102,P22199,0.00 
CHEMBL3581538,P51449,0.00 
CHEMBL3234857,P08235,0.00 
CHEMBL3596623,P51449,0.00 
CHEMBL1326210,Q92731,0.00 
CHEMBL189287,P03372,0.00 
CHEMBL185126,P03372,0.00 
CHEMBL1081391,Q03181,0.00 
CHEMBL237305,Q03181,0.00 
CHEMBL3337827,P08235,0.00 
CHEMBL2070861,P11473,0.00 
CHEMBL235829,P03372,0.00 
CHEMBL3233270,P04150,0.00 
CHEMBL1934485,Q03181,0.00 
CHEMBL237601,P10827,0.00 
CHEMBL1023,Q13133,0.00 
CHEMBL169046,Q13133,0.00 
CHEMBL487611,Q03181,0.00 
CHEMBL419166,P10276,0.00 
CHEMBL3099429,P03372,0.00 
CHEMBL1426255,P03372,0.00 
CHEMBL195389,Q92731,0.00 
CHEMBL3699394,P37231,0.00 
CHEMBL274826,P15207,0.00 
CHEMBL3103197,Q07869,0.00 
CHEMBL592289,P06401,0.00 
CHEMBL3775016,P03372,0.00 
CHEMBL3427388,P03372,0.00 
CHEMBL4170402,Q96RI1,0.00 
CHEMBL273143,P04150,0.00 
CHEMBL2419308,P06401,0.00 
CHEMBL227440,P10275,0.00 
CHEMBL4202476,P11473,0.00 
CHEMBL1911544,P08235,0.00 
CHEMBL175213,Q07869,0.00 
CHEMBL398171,P04150,0.00 
CHEMBL1209294,Q96RI1,0.00 
CHEMBL343459,P37231,0.00 
CHEMBL152970,Q92731,0.00 
CHEMBL384746,P37231,0.00 
CHEMBL1170,P10275,0.00 
CHEMBL370259,P04150,0.00 
CHEMBL310047,P19793,0.00 
CHEMBL393765,Q03181,0.00 
CHEMBL97531,P08235,0.00 
CHEMBL3814381,P55055,0.00 
CHEMBL565728,Q96RI1,0.00 
CHEMBL1386105,P03372,0.00 
CHEMBL1910410,P15207,0.00 
CHEMBL1649687,P04150,0.00 
CHEMBL77609,P03372,0.00 
CHEMBL2312134,P51449,0.00 
CHEMBL277626,P19793,0.00 
CHEMBL2107797,P04150,0.00 
CHEMBL4101232,P10275,0.00 
CHEMBL402063,P08235,0.00 
CHEMBL3589382,P10275,0.00 
CHEMBL3398460,Q07869,0.00 
CHEMBL421773,P10826,0.00 
CHEMBL3589972,Q96RI1,0.00 
CHEMBL247235,P04150,0.00 
CHEMBL89241,P28702,0.00 
CHEMBL3315054,P06401,0.00 
CHEMBL3695611,P10275,0.00 
CHEMBL4066614,P04150,0.00 
CHEMBL373497,P08235,0.00 
CHEMBL206727,Q92731,0.00 
CHEMBL4081430,P04150,0.00 
CHEMBL4202570,P51449,0.00 
CHEMBL253944,P06401,0.00 
CHEMBL77779,P10275,0.00 
CHEMBL94116,Q92731,0.00 
CHEMBL318457,Q96RI1,0.00 
CHEMBL451835,P13631,0.00 
CHEMBL4095217,P04150,0.00 
CHEMBL1455258,Q92731,0.00 
CHEMBL3597400,P37231,0.00 
CHEMBL109847,P10826,0.00 
CHEMBL1682426,P04150,0.00 
CHEMBL2386408,P10275,0.00 
CHEMBL3954988,P51449,0.00 
CHEMBL3706885,P10275,0.00 
CHEMBL206499,Q92731,0.00 
CHEMBL3905734,Q92731,0.00 
CHEMBL71584,Q92731,0.00 
CHEMBL3623122,P10275,0.00 
CHEMBL383986,P37231,0.00 
CHEMBL3605084,P51449,0.00 
CHEMBL183162,P03372,0.00 
CHEMBL1230314,P03372,0.00 
CHEMBL193146,Q92731,0.00 
CHEMBL87928,Q03181,0.00 
CHEMBL1083178,Q92731,0.00 
CHEMBL1956362,Q07869,0.00 
CHEMBL3261407,P06536,0.00 
CHEMBL381299,P03372,0.00 
CHEMBL3971856,P51449,0.00 
CHEMBL452153,P10275,0.00 
CHEMBL3706893,P10275,0.00 
CHEMBL134375,P10826,0.00 
CHEMBL471876,P10275,0.00 
CHEMBL364092,Q92731,0.00 
CHEMBL462663,P10275,0.00 
CHEMBL2112850,P06536,0.00 
CHEMBL3813703,P55055,0.00 
CHEMBL114611,P06401,0.00 
CHEMBL206600,P03372,0.00 
CHEMBL1270644,P19091,0.00 
CHEMBL272137,P37231,0.00 
CHEMBL522823,P03372,0.00 
CHEMBL258886,P10827,0.00 
CHEMBL146646,P13631,0.00 
CHEMBL51933,P10275,0.00 
CHEMBL356350,P37231,0.00 
CHEMBL157160,P10276,0.00 
CHEMBL2021490,P48281,0.00 
CHEMBL2326411,P51449,0.00 
CHEMBL3589368,P03372,0.00 
CHEMBL236496,P03372,0.00 
CHEMBL3601091,Q07869,0.00 
CHEMBL2419305,P08235,0.00 
CHEMBL570776,P10828,0.00 
CHEMBL4086339,P03372,0.00 
CHEMBL3640827,P15207,0.00 
CHEMBL3093461,P08235,0.00 
CHEMBL516657,Q13133,0.00 
CHEMBL3893153,P10275,0.00 
CHEMBL3105683,P51450,0.00 
CHEMBL362356,P03372,0.00 
CHEMBL4218626,P55055,0.00 
CHEMBL256787,P04150,0.00 
CHEMBL240331,Q92731,0.00 
CHEMBL1276308,Q92731,0.00 
CHEMBL3799931,P51449,0.00 
CHEMBL204272,Q92731,0.00 
CHEMBL4085975,P35398,0.00 
CHEMBL4072074,Q96RI1,0.00 
CHEMBL3617297,P55055,0.00 
CHEMBL3904658,P37231,0.00 
CHEMBL266473,P10275,0.00 
CHEMBL4082510,P03372,0.00 
CHEMBL118268,P18911,0.00 
CHEMBL3397337,P10827,0.00 
CHEMBL328804,P06401,0.00 
CHEMBL3643657,P08235,0.00 
CHEMBL3325743,P51449,0.00 
CHEMBL4128076,P51449,0.00 
CHEMBL431698,Q92731,0.00 
CHEMBL1830941,P10275,0.00 
CHEMBL1510817,P22736,0.00 
CHEMBL4214020,P51449,0.00 
CHEMBL220140,P11473,0.00 
CHEMBL470574,P37231,0.00 
CHEMBL1469246,Q92731,0.00 
CHEMBL487729,P06401,0.00 
CHEMBL3596599,P51449,0.00 
CHEMBL4217406,P03372,0.00 
CHEMBL239352,P35396,0.00 
CHEMBL4168496,P51449,0.00 
CHEMBL1499638,Q92731,0.00 
CHEMBL205600,P28702,0.00 
CHEMBL550845,P10827,0.00 
CHEMBL497991,P37231,0.00 
CHEMBL8055,P04150,0.00 
CHEMBL3765127,P03372,0.00 
CHEMBL496733,Q03181,0.00 
CHEMBL371236,Q92731,0.00 
CHEMBL188792,P03372,0.00 
CHEMBL349018,P10826,0.00 
CHEMBL4206651,P51449,0.00 
CHEMBL3963887,Q07869,0.00 
CHEMBL92660,P03372,0.00 
CHEMBL158781,Q13133,0.00 
CHEMBL1613004,Q92731,0.00 
CHEMBL83,Q690N0,0.00 
CHEMBL3775828,P51449,0.00 
CHEMBL3695901,P37231,0.00 
CHEMBL1465890,Q92731,0.00 
CHEMBL443847,P06401,0.00 
CHEMBL522619,Q03181,0.00 
CHEMBL248415,P19793,0.00 
CHEMBL4293810,Q92731,0.00 
CHEMBL3775765,P51449,0.00 
CHEMBL3699400,P37231,0.00 
CHEMBL501982,P37231,0.00 
CHEMBL4073373,P03372,0.00 
CHEMBL3126368,P10828,0.00 
CHEMBL391909,Q92731,0.00 
CHEMBL241301,Q92731,0.00 
CHEMBL487116,P06401,0.00 
CHEMBL394678,P10828,0.00 
CHEMBL200021,Q92731,0.00 
CHEMBL570916,P06401,0.00 
CHEMBL3657148,P03372,0.00 
CHEMBL2426624,P06401,0.00 
CHEMBL1447732,Q92731,0.00 
CHEMBL422241,P06186,0.00 
CHEMBL1075894,Q07869,0.00 
CHEMBL99306,P06211,0.00 
CHEMBL3589801,Q13133,0.00 
CHEMBL4279069,P03372,0.00 
CHEMBL1760266,Q03181,0.00 
CHEMBL1087546,Q92731,0.00 
CHEMBL3605930,P10275,0.00 
CHEMBL381570,Q13133,0.00 
CHEMBL2110180,P19793,0.00 
CHEMBL2111790,P19793,0.00 
CHEMBL314154,P06186,0.00 
CHEMBL1644758,P04150,0.00 
CHEMBL1087253,P11473,0.00 
CHEMBL1426715,P37231,0.00 
CHEMBL2314997,P04150,0.00 
CHEMBL182751,Q92731,0.00 
CHEMBL3815014,P55055,0.00 
CHEMBL318513,P06401,0.00 
CHEMBL1933845,P37231,0.00 
CHEMBL539393,P10828,0.00 
CHEMBL109975,P37231,0.00 
CHEMBL347870,P10275,0.00 
CHEMBL380106,Q92731,0.00 
CHEMBL4071073,P62509,0.00 
CHEMBL2064743,Q03181,0.00 
CHEMBL2204699,P37231,0.00 
CHEMBL583629,P04150,0.00 
CHEMBL3264643,Q96RI1,0.00 
CHEMBL229525,Q03181,0.00 
CHEMBL455204,P55055,0.00 
CHEMBL3897999,P51449,0.00 
CHEMBL77851,Q92731,0.00 
CHEMBL606539,Q13133,0.00 
CHEMBL167620,P06401,0.00 
CHEMBL360368,Q07869,0.00 
CHEMBL198411,P03372,0.00 
CHEMBL1541779,P03372,0.00 
CHEMBL4114930,P51449,0.00 
CHEMBL226461,Q13133,0.00 
CHEMBL3578298,P08235,0.00 
CHEMBL4086181,P03372,0.00 
CHEMBL3582119,P04150,0.00 
CHEMBL225936,P55055,0.00 
CHEMBL206278,P04150,0.00 
CHEMBL222522,P03372,0.00 
CHEMBL161245,P18113,0.00 
CHEMBL3983682,P15207,0.00 
CHEMBL498171,Q07869,0.00 
CHEMBL2312702,Q07869,0.00 
CHEMBL4069985,P03372,0.00 
CHEMBL3313999,P51449,0.00 
CHEMBL371072,P03372,0.00 
CHEMBL7844,P04150,0.00 
CHEMBL3596627,P51449,0.00 
CHEMBL466641,Q96RI1,0.00 
CHEMBL493097,P03372,0.00 
CHEMBL1760419,P37231,0.00 
CHEMBL2407647,Q92731,0.00 
CHEMBL144431,Q92731,0.00 
CHEMBL3317733,P51449,0.00 
CHEMBL4279318,P10275,0.00 
CHEMBL105983,P10827,0.00 
CHEMBL1089421,P06401,0.00 
CHEMBL144112,P37230,0.00 
CHEMBL197522,P55055,0.00 
CHEMBL3942524,P51449,0.00 
CHEMBL189356,Q92731,0.00 
CHEMBL4175025,P03372,0.00 
CHEMBL3598047,P51450,0.00 
CHEMBL2426626,P04150,0.00 
CHEMBL100623,P28705,0.00 
CHEMBL2322288,P19793,0.00 
CHEMBL3924813,P51449,0.00 
CHEMBL489585,P03372,0.00 
CHEMBL521981,Q13133,0.00 
CHEMBL270311,Q96RI1,0.00 
CHEMBL360189,Q92731,0.00 
CHEMBL370609,P03372,0.00 
CHEMBL843,P37231,0.00 
CHEMBL3640907,P15207,0.00 
CHEMBL4228331,P51449,0.00 
CHEMBL99046,P04150,0.00 
CHEMBL4099077,P08235,0.00 
CHEMBL223349,P37231,0.00 
CHEMBL189753,P11474,0.00 
CHEMBL190169,P37231,0.00 
CHEMBL74331,P13631,0.00 
CHEMBL308377,P48443,0.00 
CHEMBL3774668,P51449,0.00 
CHEMBL117796,Q07869,0.00 
CHEMBL194192,Q13133,0.00 
CHEMBL3126935,P08235,0.00 
CHEMBL493702,P03372,0.00 
CHEMBL4240392,Q96RI1,0.00 
CHEMBL378074,P55055,0.00 
CHEMBL220072,P03372,0.00 
CHEMBL1208076,P03372,0.00 
CHEMBL383533,P03372,0.00 
CHEMBL239353,P23204,0.00 
CHEMBL203472,P62508,0.00 
CHEMBL1947140,P37231,0.00 
CHEMBL3818976,P37231,0.00 
CHEMBL3747092,P11473,0.00 
CHEMBL217156,O00482,0.00 
CHEMBL424133,P37231,0.00 
CHEMBL306764,O75469,0.00 
CHEMBL4209944,P51449,0.00 
CHEMBL3578291,P08235,0.00 
CHEMBL3598053,Q92753,0.00 
CHEMBL2331783,P37231,0.00 
CHEMBL3122144,O75469,0.00 
CHEMBL2031860,Q07869,0.00 
CHEMBL3393183,Q07869,0.00 
CHEMBL4163551,P51449,0.00 
CHEMBL199432,P37231,0.00 
CHEMBL214414,Q13285,0.00 
CHEMBL396947,Q92731,0.00 
CHEMBL245041,P19793,0.00 
CHEMBL3695600,P06401,0.00 
CHEMBL1381306,P03372,0.00 
CHEMBL3317840,Q92753,0.00 
CHEMBL373095,P03372,0.00 
CHEMBL195184,P55055,0.00 
CHEMBL1080873,Q03181,0.00 
CHEMBL1760411,Q03181,0.00 
CHEMBL91052,Q92731,0.00 
CHEMBL245267,P04150,0.00 
CHEMBL491237,Q03181,0.00 
CHEMBL1092237,P37231,0.00 
CHEMBL3944607,P51449,0.00 
CHEMBL94162,P06401,0.00 
CHEMBL70381,P08235,0.00 
CHEMBL3699367,P37231,0.00 
CHEMBL81074,Q92731,0.00 
CHEMBL393938,Q03181,0.00 
CHEMBL98565,P06211,0.00 
CHEMBL3605921,P06401,0.00 
CHEMBL2164224,O75469,0.00 
CHEMBL3909617,P51449,0.00 
CHEMBL3947365,P51449,0.00 
CHEMBL3109227,P51450,0.00 
CHEMBL180253,P03372,0.00 
CHEMBL4225823,Q92753,0.00 
CHEMBL355695,P37231,0.00 
CHEMBL363630,P03372,0.00 
CHEMBL3956621,P06401,0.00 
CHEMBL3598150,P37231,0.00 
CHEMBL484266,Q07869,0.00 
CHEMBL196261,P37231,0.00 
CHEMBL1088337,Q92731,0.00 
CHEMBL3114125,Q96RI1,0.00 
CHEMBL4077285,Q96RI1,0.00 
CHEMBL120245,P10828,0.00 
CHEMBL508733,P37231,0.00 
CHEMBL1090187,Q07869,0.00 
CHEMBL1494360,P22736,0.00 
CHEMBL456834,P13053,0.00 
CHEMBL2178796,P03372,0.00 
CHEMBL3596591,Q92753,0.00 
CHEMBL146217,P37231,0.00 
CHEMBL568521,P06401,0.00 
CHEMBL256569,Q07869,0.00 
CHEMBL1343453,Q92731,0.00 
CHEMBL3916016,P13631,0.00 
CHEMBL3956415,P37231,0.00 
CHEMBL3588885,Q13133,0.00 
CHEMBL206772,Q92731,0.00 
CHEMBL180792,P03372,0.00 
CHEMBL3335653,Q03181,0.00 
CHEMBL357015,P19793,0.00 
CHEMBL458767,O75469,0.00 
CHEMBL4084504,P08235,0.00 
CHEMBL284937,P13631,0.00 
CHEMBL320925,P37231,0.00 
CHEMBL1668245,Q96RI1,0.00 
CHEMBL331820,P15207,0.00 
CHEMBL2147553,P04150,0.00 
CHEMBL181729,P04150,0.00 
CHEMBL94306,P37231,0.00 
CHEMBL184598,P03372,0.00 
CHEMBL391874,P04150,0.00 
CHEMBL4224880,Q92731,0.00 
CHEMBL75741,P13631,0.00 
CHEMBL1835046,Q96RI1,0.00 
CHEMBL3678125,P37231,0.00 
CHEMBL393767,Q07869,0.00 
CHEMBL85881,P03372,0.00 
CHEMBL3895481,P37231,0.00 
CHEMBL379566,P03372,0.00 
CHEMBL44979,P28700,0.00 
CHEMBL3695764,P37231,0.00 
CHEMBL181368,Q92731,0.00 
CHEMBL596357,P55055,0.00 
CHEMBL253312,P55055,0.00 
CHEMBL3793608,P51449,0.00 
CHEMBL4175179,P03372,0.00 
CHEMBL4068946,P10275,0.00 
CHEMBL4110454,P51449,0.00 
CHEMBL2031540,Q92731,0.00 
CHEMBL471608,Q13133,0.00 
CHEMBL363554,P15207,0.00 
CHEMBL195878,P03372,0.00 
CHEMBL3342788,P55055,0.00 
CHEMBL190517,Q07869,0.00 
CHEMBL359515,P04150,0.00 
CHEMBL208567,Q07869,0.00 
CHEMBL1760270,Q03181,0.00 
CHEMBL590586,Q13133,0.00 
CHEMBL3673669,P55055,0.00 
CHEMBL1801738,P37231,0.00 
CHEMBL310180,P04150,0.00 
CHEMBL4101935,P10275,0.00 
CHEMBL3598064,P51450,0.00 
CHEMBL549418,Q13133,0.00 
CHEMBL134834,P19793,0.00 
CHEMBL3138040,Q96RI1,0.00 
CHEMBL425254,P37231,0.00 
CHEMBL379889,P03372,0.00 
CHEMBL1506123,P22736,0.00 
CHEMBL3827378,P37231,0.00 
CHEMBL148664,P37231,0.00 
CHEMBL455432,P55055,0.00 
CHEMBL159595,P18113,0.00 
CHEMBL255331,P10275,0.00 
CHEMBL3925502,P51449,0.00 
CHEMBL38508,P35396,0.00 
CHEMBL3398450,P37231,0.00 
CHEMBL550538,P06401,0.00 
CHEMBL3953624,P51449,0.00 
CHEMBL4285739,P51449,0.00 
CHEMBL211493,P03372,0.00 
CHEMBL122414,P10828,0.00 
CHEMBL4083216,P04150,0.00 
CHEMBL3350384,Q92731,0.00 
CHEMBL2419303,P06401,0.00 
CHEMBL403219,P10275,0.00 
CHEMBL2326073,O95718,0.00 
CHEMBL4094234,Q96RI1,0.00 
CHEMBL2407667,P08235,0.00 
CHEMBL213621,P04150,0.00 
CHEMBL3734774,P06536,0.00 
CHEMBL4091374,P37238,0.00 
CHEMBL490825,P06401,0.00 
CHEMBL1507981,Q92731,0.00 
CHEMBL3695778,P37231,0.00 
CHEMBL1095228,P04150,0.00 
CHEMBL558496,Q13133,0.00 
CHEMBL1644756,P06401,0.00 
CHEMBL4095208,O75469,0.00 
CHEMBL549418,P55055,0.00 
CHEMBL3976103,P51449,0.00 
CHEMBL1085899,P03372,0.00 
CHEMBL3699345,P37231,0.00 
CHEMBL400380,P19793,0.00 
CHEMBL92635,Q92731,0.00 
CHEMBL590351,P55055,0.00 
CHEMBL318473,Q62986,0.00 
CHEMBL1643199,Q03181,0.00 
CHEMBL2159539,P10275,0.00 
CHEMBL552105,P10827,0.00 
CHEMBL111271,P37231,0.00 
CHEMBL1627464,Q92731,0.00 
CHEMBL322576,P06401,0.00 
CHEMBL3234849,P08235,0.00 
CHEMBL84681,P13631,0.00 
CHEMBL514646,P03372,0.00 
CHEMBL101381,Q96RI1,0.00 
CHEMBL3263248,Q96RI1,0.00 
CHEMBL184202,P03372,0.00 
CHEMBL3822798,Q96RI1,0.00 
CHEMBL2070853,P11473,0.00 
CHEMBL255930,P37231,0.00 
CHEMBL193200,Q92731,0.00 
CHEMBL311662,P04150,0.00 
CHEMBL102403,P06401,0.00 
CHEMBL204773,P19793,0.00 
CHEMBL194812,P06401,0.00 
CHEMBL2048021,P37231,0.00 
CHEMBL1200624,P15207,0.00 
CHEMBL4106817,P03372,0.00 
CHEMBL1089969,Q07869,0.00 
CHEMBL4169333,P37231,0.00 
CHEMBL1471193,Q92731,0.00 
CHEMBL101308,P28704,0.00 
CHEMBL166244,P48443,0.00 
CHEMBL327409,P06401,0.00 
CHEMBL3735906,P37231,0.00 
CHEMBL574138,P06401,0.00 
CHEMBL1367590,P03372,0.00 
CHEMBL111480,P37231,0.00 
CHEMBL1334633,P22736,0.00 
CHEMBL346703,P13631,0.00 
CHEMBL3658378,P06401,0.00 
CHEMBL4077728,P04150,0.00 
CHEMBL426289,P55055,0.00 
CHEMBL3963646,P51449,0.00 
CHEMBL2037190,Q96RI1,0.00 
CHEMBL180019,Q07869,0.00 
CHEMBL4161695,P03372,0.00 
CHEMBL196237,P08235,0.00 
CHEMBL4083780,P03372,0.00 
CHEMBL3315052,P04150,0.00 
CHEMBL402713,P10827,0.00 
CHEMBL58504,Q92731,0.00 
CHEMBL4167595,P03372,0.00 
CHEMBL3354989,P37231,0.00 
CHEMBL435715,Q03181,0.00 
CHEMBL4282219,P03372,0.00 
CHEMBL392925,P10828,0.00 
CHEMBL373987,Q92731,0.00 
CHEMBL1214620,P13053,0.00 
CHEMBL131561,Q499N1,0.00 
CHEMBL1257895,P35396,0.00 
CHEMBL185264,P04150,0.00 
CHEMBL4169918,P03372,0.00 
CHEMBL595,P37238,0.00 
CHEMBL3942411,P51449,0.00 
CHEMBL167492,P06401,0.00 
CHEMBL361226,Q92731,0.00 
CHEMBL594024,P10827,0.00 
CHEMBL434343,P15207,0.00 
CHEMBL1388431,P03372,0.00 
CHEMBL379276,P06401,0.00 
CHEMBL556311,Q96RI1,0.00 
CHEMBL436859,P03372,0.00 
CHEMBL357917,P13631,0.00 
CHEMBL290761,P28702,0.00 
CHEMBL1910411,P06186,0.00 
CHEMBL250507,P11474,0.00 
CHEMBL1088839,Q92753,0.00 
CHEMBL3314004,P51449,0.00 
CHEMBL3360846,P03372,0.00 
CHEMBL595782,P55055,0.00 
CHEMBL3109232,P51449,0.00 
CHEMBL469602,P10275,0.00 
CHEMBL195208,P03372,0.00 
CHEMBL196613,P10828,0.00 
CHEMBL4104050,Q96RI1,0.00 
CHEMBL401458,P10275,0.00 
CHEMBL3335654,Q07869,0.00 
CHEMBL3260002,P51449,0.00 
CHEMBL1940554,P04150,0.00 
CHEMBL4283871,P51449,0.00 
CHEMBL1335170,Q92731,0.00 
CHEMBL3623115,P10275,0.00 
CHEMBL238961,P03372,0.00 
CHEMBL386289,P04150,0.00 
CHEMBL595012,Q13133,0.00 
CHEMBL4079530,P03372,0.00 
CHEMBL83451,P03372,0.00 
CHEMBL198679,P03372,0.00 
CHEMBL251456,P10827,0.00 
CHEMBL3263704,P51449,0.00 
CHEMBL365290,P03372,0.00 
CHEMBL78587,P13631,0.00 
CHEMBL3588961,P10275,0.00 
CHEMBL3261325,P10827,0.00 
CHEMBL393373,Q07869,0.00 
CHEMBL3403687,Q13133,0.00 
CHEMBL8209,P04150,0.00 
CHEMBL2312700,Q07869,0.00 
CHEMBL519351,P37231,0.00 
CHEMBL2204049,P04150,0.00 
CHEMBL8131,P04150,0.00 
CHEMBL4212982,P03372,0.00 
CHEMBL340074,Q5BJR8,0.00 
CHEMBL4276733,Q92753,0.00 
CHEMBL241471,P37231,0.00 
CHEMBL604907,Q13133,0.00 
CHEMBL87380,Q03181,0.00 
CHEMBL1956365,Q07869,0.00 
CHEMBL206702,Q92731,0.00 
CHEMBL3943274,P51449,0.00 
CHEMBL2114968,P28700,0.00 
CHEMBL1911651,P06401,0.00 
CHEMBL254539,P55055,0.00 
CHEMBL3695605,P06401,0.00 
CHEMBL3261336,P10828,0.00 
CHEMBL1461254,P22736,0.00 
CHEMBL3764444,Q14994,0.00 
CHEMBL3695596,P10275,0.00 
CHEMBL392951,Q03181,0.00 
CHEMBL395506,P06401,0.00 
CHEMBL2159546,P10275,0.00 
CHEMBL3934863,P10826,0.00 
CHEMBL1566266,Q92731,0.00 
CHEMBL192765,P03372,0.00 
CHEMBL1390,P15207,0.00 
CHEMBL2112314,P11473,0.00 
CHEMBL3672844,P55055,0.00 
CHEMBL230675,P04150,0.00 
CHEMBL3598150,P51449,0.00 
CHEMBL219069,P08235,0.00 
CHEMBL191419,P55055,0.00 
CHEMBL2181928,P22199,0.00 
CHEMBL2426150,P04150,0.00 
CHEMBL420249,P19793,0.00 
CHEMBL3115241,P37231,0.00 
CHEMBL1830955,P10275,0.00 
CHEMBL2337509,P10275,0.00 
CHEMBL391548,P06401,0.00 
CHEMBL3666819,P04150,0.00 
CHEMBL2312700,P37231,0.00 
CHEMBL3955462,P51449,0.00 
CHEMBL326911,P10826,0.00 
CHEMBL1210150,P10275,0.00 
CHEMBL219836,Q03181,0.00 
CHEMBL3093452,P04150,0.00 
CHEMBL2070448,P55055,0.00 
CHEMBL3234247,P51449,0.00 
CHEMBL2426156,P04150,0.00 
CHEMBL3238292,P10275,0.00 
CHEMBL482659,Q03181,0.00 
CHEMBL204773,P28702,0.00 
CHEMBL565,Q07869,0.00 
CHEMBL3105675,P51450,0.00 
CHEMBL1505049,Q92731,0.00 
CHEMBL3695601,P06401,0.00 
CHEMBL205694,P19793,0.00 
CHEMBL51669,P10275,0.00 
CHEMBL514481,P04150,0.00 
CHEMBL3695909,P37231,0.00 
CHEMBL3905660,P51449,0.00 
CHEMBL3109228,P51449,0.00 
CHEMBL4243206,O75469,0.00 
CHEMBL379821,P03372,0.00 
CHEMBL193615,P10828,0.00 
CHEMBL89241,P10826,0.00 
CHEMBL1981657,P22736,0.00 
CHEMBL374638,P15207,0.00 
CHEMBL102720,P04150,0.00 
CHEMBL3605919,P10275,0.00 
CHEMBL1084746,P03372,0.00 
CHEMBL3962832,Q07869,0.00 
CHEMBL64222,P19793,0.00 
CHEMBL207324,P03372,0.00 
CHEMBL3581549,P51449,0.00 
CHEMBL188528,P19785,0.00 
CHEMBL1627353,P03372,0.00 
CHEMBL264041,P18113,0.00 
CHEMBL2377521,P37231,0.00 
CHEMBL317824,Q62986,0.00 
CHEMBL3699385,P37231,0.00 
CHEMBL3115244,P37231,0.00 
CHEMBL3775410,P03372,0.00 
CHEMBL4164670,P51449,0.00 
CHEMBL481107,P10275,0.00 
CHEMBL370236,P10275,0.00 
CHEMBL3695614,P06401,0.00 
CHEMBL4289166,P51449,0.00 
CHEMBL2070878,P11473,0.00 
CHEMBL200207,Q07869,0.00 
CHEMBL4281316,P37231,0.00 
CHEMBL480934,P10275,0.00 
CHEMBL1163597,P10275,0.00 
CHEMBL3581691,P03372,0.00 
CHEMBL1760412,P37231,0.00 
CHEMBL3695898,P37231,0.00 
CHEMBL3929427,P06401,0.00 
CHEMBL192142,P10827,0.00 
CHEMBL3658381,P06401,0.00 
CHEMBL6,P37231,0.00 
CHEMBL3937005,P04150,0.00 
CHEMBL191300,P03372,0.00 
CHEMBL2386285,Q92731,0.00 
CHEMBL3961676,P03372,0.00 
CHEMBL131925,P13631,0.00 
CHEMBL3967201,P51449,0.00 
CHEMBL130232,P10826,0.00 
CHEMBL191423,P06401,0.00 
CHEMBL4165227,P19091,0.00 
CHEMBL192068,Q92731,0.00 
CHEMBL227030,P10275,0.00 
CHEMBL2031860,P37231,0.00 
CHEMBL214772,O00482,0.00 
CHEMBL3578289,P08235,0.00 
CHEMBL4104364,Q96RI1,0.00 
CHEMBL247604,P04150,0.00 
CHEMBL4061503,P51449,0.00 
CHEMBL4208087,P51449,0.00 
CHEMBL537949,P04150,0.00 
CHEMBL3706910,P10275,0.00 
CHEMBL3326460,P10275,0.00 
CHEMBL118756,Q07869,0.00 
CHEMBL146258,P37231,0.00 
CHEMBL3234614,Q92731,0.00 
CHEMBL3605560,P10275,0.00 
CHEMBL380070,Q07869,0.00 
CHEMBL417729,P06401,0.00 
CHEMBL3263764,P08235,0.00 
CHEMBL93518,P48443,0.00 
CHEMBL3397341,P10828,0.00 
CHEMBL3589973,Q96RI1,0.00 
CHEMBL3657178,P03372,0.00 
CHEMBL147937,P13631,0.00 
CHEMBL1644761,P10275,0.00 
CHEMBL255872,Q07869,0.00 
CHEMBL489788,P04150,0.00 
CHEMBL125059,P15207,0.00 
CHEMBL4170144,P37231,0.00 
CHEMBL2312717,P37231,0.00 
CHEMBL360552,Q03181,0.00 
CHEMBL197636,P37231,0.00 
CHEMBL221123,P37231,0.00 
CHEMBL4225808,P35398,0.00 
CHEMBL3263695,P55055,0.00 
CHEMBL3264932,P04150,0.00 
CHEMBL484266,Q03181,0.00 
CHEMBL1098850,P55055,0.00 
CHEMBL3337828,P06401,0.00 
CHEMBL568014,Q96RI1,0.00 
CHEMBL3260002,Q92753,0.00 
CHEMBL226268,P03372,0.00 
CHEMBL23670,Q07869,0.00 
CHEMBL393489,P10827,0.00 
CHEMBL380838,P03372,0.00 
CHEMBL4059503,P51449,0.00 
CHEMBL4293061,P37231,0.00 
CHEMBL3695603,P10275,0.00 
CHEMBL3126945,P04150,0.00 
CHEMBL118693,P28705,0.00 
CHEMBL1641718,Q07869,0.00 
CHEMBL285705,P10275,0.00 
CHEMBL3957844,P06401,0.00 
CHEMBL188957,P03372,0.00 
CHEMBL3716703,P19793,0.00 
CHEMBL3764615,P03372,0.00 
CHEMBL381876,P37231,0.00 
CHEMBL3775807,P51449,0.00 
CHEMBL1378869,Q92731,0.00 
CHEMBL4127587,P51449,0.00 
CHEMBL2171449,P11473,0.00 
CHEMBL593267,Q13133,0.00 
CHEMBL4095614,P37231,0.00 
CHEMBL477312,Q03181,0.00 
CHEMBL3966957,P06401,0.00 
CHEMBL1080361,Q07869,0.00 
CHEMBL3695828,P37231,0.00 
CHEMBL197100,P08235,0.00 
CHEMBL1421864,P03372,0.00 
CHEMBL4059624,P03372,0.00 
CHEMBL392925,P10827,0.00 
CHEMBL3695846,P37231,0.00 
CHEMBL289277,Q92731,0.00 
CHEMBL450940,P03372,0.00 
CHEMBL4211975,P03372,0.00 
CHEMBL4104940,Q96RI1,0.00 
CHEMBL390116,Q03181,0.00 
CHEMBL93546,P03372,0.00 
CHEMBL3695869,P37231,0.00 
CHEMBL180253,Q92731,0.00 
CHEMBL91185,P19793,0.00 
CHEMBL25337,P19793,0.00 
CHEMBL3598048,Q92753,0.00 
CHEMBL375907,P10275,0.00 
CHEMBL227440,P04150,0.00 
CHEMBL1830769,P10275,0.00 
CHEMBL1347829,P03372,0.00 
CHEMBL4093329,P04150,0.00 
CHEMBL4161305,P37231,0.00 
CHEMBL3966332,P51449,0.00 
CHEMBL430894,P37231,0.00 
CHEMBL2104753,P37231,0.00 
CHEMBL384424,Q13285,0.00 
CHEMBL278590,Q03181,0.00 
CHEMBL140336,P04150,0.00 
CHEMBL336736,P10275,0.00 
CHEMBL592985,Q13133,0.00 
CHEMBL263029,Q03181,0.00 
CHEMBL3402230,P10275,0.00 
CHEMBL7781,P04150,0.00 
CHEMBL300629,P37231,0.00 
CHEMBL328261,P06401,0.00 
CHEMBL377644,Q92731,0.00 
CHEMBL375918,P10275,0.00 
CHEMBL4087989,Q92731,0.00 
CHEMBL50454,P06401,0.00 
CHEMBL205171,P10827,0.00 
CHEMBL4292862,P51449,0.00 
CHEMBL211266,P04150,0.00 
CHEMBL1684342,P04150,0.00 
CHEMBL1911651,P04150,0.00 
CHEMBL209574,P04150,0.00 
CHEMBL4278903,P51450,0.00 
CHEMBL487611,P37231,0.00 
CHEMBL2087291,P04150,0.00 
CHEMBL211887,Q92731,0.00 
CHEMBL118307,P11416,0.00 
CHEMBL371126,Q92731,0.00 
CHEMBL3397709,P37231,0.00 
CHEMBL334330,P10826,0.00 
CHEMBL397034,P19793,0.00 
CHEMBL241299,P37231,0.00 
CHEMBL2035060,Q03181,0.00 
CHEMBL3774855,P51450,0.00 
CHEMBL3910072,P10826,0.00 
CHEMBL2204057,P04150,0.00 
CHEMBL3913554,P10275,0.00 
CHEMBL3597505,P03372,0.00 
CHEMBL474576,P04150,0.00 
CHEMBL3764004,P37231,0.00 
CHEMBL4279356,P51450,0.00 
CHEMBL32812,P06401,0.00 
CHEMBL402063,P10275,0.00 
CHEMBL427568,P10828,0.00 
CHEMBL345009,P37230,0.00 
CHEMBL3699438,P37231,0.00 
CHEMBL377560,Q92731,0.00 
CHEMBL362914,P06537,0.00 
CHEMBL1082837,P04150,0.00 
CHEMBL1210034,P10275,0.00 
CHEMBL497789,Q07869,0.00 
CHEMBL2113736,P19793,0.00 
CHEMBL370282,P03372,0.00 
CHEMBL1165642,P10275,0.00 
CHEMBL440758,P37231,0.00 
CHEMBL92243,P19793,0.00 
CHEMBL150879,P03372,0.00 
CHEMBL539163,P06401,0.00 
CHEMBL3902725,P51449,0.00 
CHEMBL1270546,P11473,0.00 
CHEMBL89581,P28705,0.00 
CHEMBL1098832,P55055,0.00 
CHEMBL135180,Q92731,0.00 
CHEMBL27769,P06536,0.00 
CHEMBL2334344,P10275,0.00 
CHEMBL191275,P37231,0.00 
CHEMBL3605933,P06401,0.00 
CHEMBL370021,Q07869,0.00 
CHEMBL1535180,P22736,0.00 
CHEMBL3596628,P51449,0.00 
CHEMBL342051,P13631,0.00 
CHEMBL2314754,P04150,0.00 
CHEMBL519857,Q07869,0.00 
CHEMBL235385,P10827,0.00 
CHEMBL74022,Q92731,0.00 
CHEMBL2024025,P04150,0.00 
CHEMBL176252,Q15466,0.00 
CHEMBL8145,Q92731,0.00 
CHEMBL552492,P06401,0.00 
CHEMBL4277640,P19793,0.00 
CHEMBL103232,P06401,0.00 
CHEMBL330307,Q92731,0.00 
CHEMBL23296,P37231,0.00 
CHEMBL3588883,Q13133,0.00 
CHEMBL4289622,P51449,0.00 
CHEMBL3094417,P37231,0.00 
CHEMBL3961165,P10275,0.00 
CHEMBL3706902,P10275,0.00 
CHEMBL482593,P23204,0.00 
CHEMBL27769,P08235,0.00 
CHEMBL3809850,P55055,0.00 
CHEMBL199599,P03372,0.00 
CHEMBL113099,P06401,0.00 
CHEMBL434183,P04150,0.00 
CHEMBL443579,P10275,0.00 
CHEMBL520370,Q13133,0.00 
CHEMBL550082,P04150,0.00 
CHEMBL3132988,P10275,0.00 
CHEMBL3622998,P03372,0.00 
CHEMBL489507,Q07869,0.00 
CHEMBL348449,P10276,0.00 
CHEMBL1507788,Q92731,0.00 
CHEMBL447538,P37231,0.00 
CHEMBL1428161,P03372,0.00 
CHEMBL3598056,P51450,0.00 
CHEMBL254333,P55055,0.00 
CHEMBL394392,P10275,0.00 
CHEMBL1608,P06401,0.00 
CHEMBL2181925,P04150,0.00 
CHEMBL236436,P10828,0.00 
CHEMBL378990,P03372,0.00 
CHEMBL3581530,P51449,0.00 
CHEMBL2403357,P03372,0.00 
CHEMBL396029,P04150,0.00 
CHEMBL3358935,P04150,0.00 
CHEMBL3398457,P37231,0.00 
CHEMBL4242324,P37231,0.00 
CHEMBL37672,P10826,0.00 
CHEMBL4092854,P62509,0.00 
CHEMBL3985281,P37231,0.00 
CHEMBL218182,P15207,0.00 
CHEMBL3950318,P13631,0.00 
CHEMBL36718,P10826,0.00 
CHEMBL272923,P04150,0.00 
CHEMBL3094482,P06401,0.00 
CHEMBL387484,Q13133,0.00 
CHEMBL367019,Q03181,0.00 
CHEMBL203350,P04150,0.00 
CHEMBL391795,Q92731,0.00 
CHEMBL2206303,Q07869,0.00 
CHEMBL156997,P10276,0.00 
CHEMBL3605927,P06536,0.00 
CHEMBL89581,P10826,0.00 
CHEMBL4289024,Q92731,0.00 
CHEMBL86658,Q03181,0.00 
CHEMBL1597831,P03372,0.00 
CHEMBL427533,Q92731,0.00 
CHEMBL1615154,Q96RI1,0.00 
CHEMBL482823,Q07869,0.00 
CHEMBL472244,P37231,0.00 
CHEMBL3967587,P15207,0.00 
CHEMBL199398,Q07869,0.00 
CHEMBL207103,P37231,0.00 
CHEMBL3763612,Q14994,0.00 
CHEMBL3609394,P51449,0.00 
CHEMBL3934500,P51449,0.00 
CHEMBL436628,P19793,0.00 
CHEMBL142889,P15207,0.00 
CHEMBL574354,P06401,0.00 
CHEMBL389621,P06537,0.00 
CHEMBL575687,P37231,0.00 
CHEMBL375107,P10275,0.00 
CHEMBL3589362,P03372,0.00 
CHEMBL3895104,Q03181,0.00 
