CHEMBL506297,P06401,6.729048252105713
CHEMBL522727,P37238,6.263794422149658
CHEMBL195556,P10827,5.325766563415527
CHEMBL203940,Q07869,7.327695846557617
CHEMBL4128427,P51449,7.568869590759277
CHEMBL3716703,P19793,5.813724040985107
CHEMBL1643196,Q03181,7.32829475402832
CHEMBL2037190,Q96RI1,5.127274036407471
CHEMBL3115241,P37231,5.3093366622924805
CHEMBL3261407,P06536,8.811399459838867
CHEMBL3934381,P51449,5.901703834533691
CHEMBL3094486,P08235,6.166060924530029
CHEMBL391084,Q03181,7.6096320152282715
CHEMBL1783064,P37231,5.633164882659912
CHEMBL277626,P19793,6.882596969604492
CHEMBL3578286,P10275,5.6862406730651855
CHEMBL442909,P37231,5.208092212677002
CHEMBL110691,P04150,7.920034885406494
CHEMBL3827378,P37231,5.26569128036499
CHEMBL2206303,Q07869,7.8879852294921875
CHEMBL3934863,P10826,7.296825408935547
CHEMBL3891138,P51449,7.3460564613342285
CHEMBL4248754,Q96RI1,5.490527153015137
CHEMBL1801737,P37231,5.679291248321533
CHEMBL559854,P10828,5.5094146728515625
CHEMBL2031954,Q07869,5.525227069854736
CHEMBL3953392,P51449,5.7667717933654785
CHEMBL7671,P10275,5.752262592315674
CHEMBL604907,Q13133,8.142743110656738
CHEMBL118756,P37231,5.423276424407959
CHEMBL3814381,P55055,5.564113616943359
CHEMBL282575,P04150,6.1518144607543945
CHEMBL317824,P06211,6.482071399688721
CHEMBL1421864,P03372,4.537205696105957
CHEMBL1326210,Q92731,5.521605968475342
CHEMBL4228617,Q92731,6.638950824737549
CHEMBL230675,P04150,7.454196453094482
CHEMBL3586250,Q92753,5.027806282043457
CHEMBL3963887,Q07869,6.454084396362305
CHEMBL3623004,P06401,7.937624454498291
CHEMBL412079,P35398,4.925201892852783
CHEMBL4091374,P35396,6.163502216339111
CHEMBL1085161,Q92731,7.598847389221191
CHEMBL7089,P10275,7.751376628875732
CHEMBL3234849,P08235,7.052331447601318
CHEMBL199255,Q13133,6.872385025024414
CHEMBL2159539,P10275,5.741505146026611
CHEMBL4061503,P51449,7.367302894592285
CHEMBL8145,Q92731,6.15209436416626
CHEMBL2112850,P06536,8.741174697875977
CHEMBL1253986,P06401,6.732738494873047
CHEMBL4161305,P37231,5.607941627502441
CHEMBL3337828,P06401,5.561193943023682
CHEMBL1644758,P04150,7.387048721313477
CHEMBL1760270,Q03181,7.598567008972168
CHEMBL468304,Q96RI1,6.054027080535889
CHEMBL333484,P06401,6.7353973388671875
CHEMBL574607,Q07869,6.369329929351807
CHEMBL4176843,P03372,7.42722749710083
CHEMBL4170100,P03372,6.2490553855896
CHEMBL2111532,P03372,8.358636856079102
CHEMBL209851,Q92731,8.089112281799316
CHEMBL1017,P37231,6.1671648025512695
CHEMBL3896397,P51449,7.634403705596924
CHEMBL109975,P37231,4.944553852081299
CHEMBL3818826,P10275,8.403532981872559
CHEMBL2326409,P51449,5.962707996368408
CHEMBL245267,P04150,8.031343460083008
CHEMBL3981920,P51449,6.63488245010376
CHEMBL373567,P04150,7.898430347442627
CHEMBL3706907,P10275,7.407735347747803
CHEMBL3313999,P51449,7.635374069213867
CHEMBL2159546,P10275,5.629008769989014
CHEMBL552185,P10827,5.106070518493652
CHEMBL2407863,P08235,5.743584632873535
CHEMBL1377708,P22736,5.122107982635498
CHEMBL3138040,Q96RI1,4.664688587188721
CHEMBL194192,P55055,6.847889423370361
CHEMBL207093,Q13133,6.872368812561035
CHEMBL1209294,Q96RI1,6.66003942489624
CHEMBL145829,P37231,5.956657409667969
CHEMBL3234275,P51449,6.058314800262451
CHEMBL147937,P13631,7.745479106903076
CHEMBL348449,P10276,5.906667709350586
CHEMBL3105798,P51449,5.486196041107178
CHEMBL384444,P04150,7.997313499450684
CHEMBL391068,Q07869,5.834333896636963
CHEMBL235496,Q92731,6.360456466674805
CHEMBL195184,P55055,8.28497314453125
CHEMBL3955333,P51449,6.330092430114746
CHEMBL290761,P28702,7.588026523590088
CHEMBL3421888,P04150,8.055864334106445
CHEMBL3323496,P10275,5.353518486022949
CHEMBL551784,P06401,7.4925994873046875
CHEMBL2103774,P03372,6.217331409454346
CHEMBL3699376,P37231,8.698341369628906
CHEMBL25580,Q92731,5.821284770965576
CHEMBL381937,P10828,7.685769081115723
CHEMBL378553,P28702,6.776064872741699
CHEMBL3983682,P15207,6.850370407104492
CHEMBL3109222,P51449,7.188975811004639
CHEMBL241299,P37231,6.721558570861816
CHEMBL152970,Q92731,7.2284836769104
CHEMBL157160,P10276,7.264557361602783
CHEMBL3963440,P51449,7.860270977020264
CHEMBL1092578,P04150,7.212367057800293
CHEMBL318457,Q96RI1,6.63375186920166
CHEMBL2426624,P06401,6.98082971572876
CHEMBL225828,Q13133,7.710719108581543
CHEMBL1682431,P04150,7.701878070831299
CHEMBL3093458,P04150,7.004161834716797
CHEMBL3609405,P51449,8.249314308166504
CHEMBL2031859,Q07869,5.0824761390686035
CHEMBL4065193,P62509,5.304627418518066
CHEMBL4104940,Q96RI1,4.268712997436523
CHEMBL165803,P10275,7.303542613983154
CHEMBL94162,P06401,6.558007717132568
CHEMBL173236,Q07869,7.588812828063965
CHEMBL1669776,P22199,6.2777252197265625
CHEMBL3263704,P51449,5.0992913246154785
CHEMBL146258,P37231,7.93778133392334
CHEMBL2426109,P04150,6.958793640136719
CHEMBL81273,P10826,5.652054309844971
CHEMBL396947,Q92731,6.5969929695129395
CHEMBL3937406,P04150,7.356869220733643
CHEMBL2282523,P37231,8.540412902832031
CHEMBL200483,Q92731,6.3213300704956055
CHEMBL391795,Q92731,7.523200035095215
CHEMBL279053,P37231,6.9678874015808105
CHEMBL3115244,P37231,6.729562759399414
CHEMBL242675,P04150,6.560750961303711
CHEMBL1507012,P03372,4.801331996917725
CHEMBL282575,P03372,7.176553249359131
CHEMBL482824,P37231,7.312119007110596
CHEMBL219069,P08235,7.122824668884277
CHEMBL213838,P03372,6.319588661193848
CHEMBL316078,P06401,7.630359649658203
CHEMBL39129,Q07869,6.37759256362915
CHEMBL4172668,P37231,5.953100204467773
CHEMBL3930349,P06401,5.627015113830566
CHEMBL365035,P15207,7.733628749847412
CHEMBL2282517,Q07869,5.115248203277588
CHEMBL429627,P04150,6.461990833282471
CHEMBL74331,P13631,7.86672830581665
CHEMBL364092,Q92731,8.051812171936035
CHEMBL2181925,P04150,7.337493896484375
CHEMBL193615,P10828,8.39414119720459
CHEMBL194812,P06401,7.245577335357666
CHEMBL196347,P04150,6.701396465301514
CHEMBL2338486,P37231,6.533720016479492
CHEMBL27769,P06536,6.054604530334473
CHEMBL434935,P37231,6.3102707862854
CHEMBL243790,P03372,9.978484153747559
CHEMBL3917144,P06401,6.336123943328857
CHEMBL209851,P03372,6.789775848388672
CHEMBL1084716,P04150,7.887565612792969
CHEMBL4177113,P11474,7.882781505584717
CHEMBL3699438,P37231,5.853875637054443
CHEMBL2437049,P11473,5.77908182144165
CHEMBL385544,Q13133,5.57072114944458
CHEMBL82089,P10276,5.07735538482666
CHEMBL191060,P23204,6.1581878662109375
CHEMBL3360973,Q13133,6.828723907470703
CHEMBL103294,Q92731,6.091822624206543
CHEMBL196613,P10828,7.428432464599609
CHEMBL132568,P48443,7.45581579208374
CHEMBL4167413,P51449,7.042579650878906
CHEMBL2334344,P10275,5.136216640472412
CHEMBL380838,P03372,5.252736568450928
CHEMBL370175,Q13133,7.22631311416626
CHEMBL495817,Q07869,5.906033992767334
CHEMBL2114968,P28700,6.706974029541016
CHEMBL4174789,P03372,8.922307968139648
CHEMBL1081602,Q03181,6.18605899810791
CHEMBL1584646,Q92731,5.640580177307129
CHEMBL2337783,P19793,5.315711498260498
CHEMBL377660,Q03181,7.885453701019287
CHEMBL3578289,P08235,7.285872459411621
CHEMBL3971973,P51449,7.751895904541016
CHEMBL4104364,Q96RI1,5.47421932220459
CHEMBL3393183,Q07869,5.064671516418457
CHEMBL3122144,O75469,6.554483890533447
CHEMBL185264,P04150,8.789052963256836
CHEMBL393390,Q92731,8.629073143005371
CHEMBL213457,Q92731,6.799854278564453
CHEMBL1562870,Q92731,5.684107780456543
CHEMBL3962559,P51449,6.481166839599609
CHEMBL1210152,P10275,7.8318586349487305
CHEMBL3658381,P06401,6.572113037109375
CHEMBL3397342,P10828,7.694756507873535
CHEMBL118756,Q07869,6.904103755950928
CHEMBL370567,P10275,5.632018089294434
CHEMBL3598056,P51450,6.318227767944336
CHEMBL434346,P03372,7.808292388916016
CHEMBL40614,P37231,5.353645324707031
CHEMBL3596632,P35398,5.701454162597656
CHEMBL3105805,P51449,6.054731845855713
CHEMBL3699394,P37231,7.399815559387207
CHEMBL3924049,P51449,7.330285549163818
CHEMBL392063,Q07869,5.96738862991333
CHEMBL3126371,P10828,6.760663032531738
CHEMBL150879,P03372,6.20298433303833
CHEMBL3138054,Q96RI1,5.586872577667236
CHEMBL3957141,P51449,6.10333776473999
CHEMBL195389,Q92731,7.306424140930176
CHEMBL189356,Q92731,8.285799026489258
CHEMBL135649,Q92731,7.74043607711792
CHEMBL326092,P06401,8.892683029174805
CHEMBL1573389,Q92731,5.048144817352295
CHEMBL447538,P37231,6.81951904296875
CHEMBL3398436,P37231,5.047087669372559
CHEMBL2385912,P35398,5.29385232925415
CHEMBL373497,P08235,6.356143951416016
CHEMBL2348887,P11473,4.0637125968933105
CHEMBL501979,P37231,5.418567180633545
CHEMBL62700,P06401,8.209368705749512
CHEMBL3971479,P51449,7.221301555633545
CHEMBL3774668,P51449,5.887407302856445
CHEMBL175213,Q07869,6.648036479949951
CHEMBL4128665,Q92753,6.02991247177124
CHEMBL235904,P10828,4.588184356689453
CHEMBL1911545,P06401,5.974297523498535
CHEMBL2158961,P37231,7.5089240074157715
CHEMBL4097419,P11473,5.90458345413208
CHEMBL3622998,P03372,6.3879313468933105
CHEMBL3695846,P37231,7.5417609214782715
CHEMBL458767,O75469,5.310876846313477
CHEMBL3313987,P51449,5.930760860443115
CHEMBL208529,P48443,6.852871894836426
CHEMBL3588881,Q13133,5.535858631134033
CHEMBL365544,P55055,8.923413276672363
CHEMBL4279318,P10275,5.438798904418945
CHEMBL1080361,Q07869,6.3514580726623535
CHEMBL1163597,P10275,6.662316799163818
CHEMBL200732,Q03181,8.940616607666016
CHEMBL3800071,P51449,5.304393768310547
CHEMBL211266,P04150,7.761941432952881
CHEMBL4166530,P03372,5.1944804191589355
CHEMBL100623,P28705,6.394824504852295
CHEMBL1518838,P22736,4.637035369873047
CHEMBL2031860,Q07869,5.03794527053833
CHEMBL221292,Q03181,7.175891399383545
CHEMBL200893,P37231,6.405065536499023
CHEMBL4114930,P51449,7.59404993057251
CHEMBL1541779,P03372,4.525732040405273
CHEMBL1669762,P03372,5.244307994842529
CHEMBL2419305,P08235,6.762650489807129
CHEMBL3318038,Q07869,6.657938003540039
CHEMBL3906538,P51449,6.956923961639404
CHEMBL4059503,P51449,6.102858543395996
CHEMBL396089,P10827,4.885782718658447
CHEMBL1934484,Q03181,5.357376575469971
CHEMBL114611,P06401,7.052638530731201
CHEMBL211887,Q92731,8.396026611328125
CHEMBL3799931,P51449,4.527453899383545
CHEMBL1760422,P37231,5.244837284088135
CHEMBL427554,P06401,7.44327974319458
CHEMBL596357,P55055,6.886703968048096
CHEMBL50619,P06401,6.133234977722168
CHEMBL204773,P19793,6.935529708862305
CHEMBL2403347,P03372,5.548744201660156
CHEMBL8055,P04150,7.751117706298828
CHEMBL3605926,P08235,6.246544361114502
CHEMBL3325743,P51449,6.467402458190918
CHEMBL539163,P06401,7.725140571594238
CHEMBL250101,P10828,6.800530910491943
CHEMBL62981,P06401,7.310502052307129
CHEMBL3397341,P10828,10.015077590942383
CHEMBL358325,P37231,8.12435245513916
CHEMBL1088839,Q92753,4.669586181640625
CHEMBL2113000,Q03181,5.863778591156006
CHEMBL2064743,Q03181,5.778972148895264
CHEMBL189753,P11474,6.453497409820557
CHEMBL393765,Q03181,8.029864311218262
CHEMBL4168429,P11474,5.74323844909668
CHEMBL1081207,Q03181,6.523453712463379
CHEMBL204571,P06401,6.378007411956787
CHEMBL295416,P37231,5.309151649475098
CHEMBL2426139,P04150,6.228541851043701
CHEMBL89241,P10826,6.352935314178467
CHEMBL3695605,P06401,6.3447113037109375
CHEMBL4085105,P62509,5.99295711517334
CHEMBL3929300,P51449,7.377455234527588
CHEMBL4216877,P03372,7.331151008605957
CHEMBL359515,P04150,7.642513751983643
CHEMBL1910410,P15207,6.891800403594971
CHEMBL188957,P03372,6.046037197113037
CHEMBL592016,P06401,8.228655815124512
CHEMBL255930,P37231,6.198936462402344
CHEMBL153706,P03372,6.056773662567139
CHEMBL3094482,P06401,6.130649566650391
CHEMBL1334930,P03372,4.719613552093506
CHEMBL3699401,P37231,7.441097259521484
CHEMBL310047,P19793,8.2429838180542
CHEMBL455205,P55055,6.557495594024658
CHEMBL167492,P06401,8.206873893737793
CHEMBL1413056,Q92731,5.082852363586426
CHEMBL3695806,P37231,8.489893913269043
CHEMBL1380908,P28702,5.636683940887451
CHEMBL361751,Q92731,7.077246189117432
CHEMBL333890,P37231,5.887472152709961
CHEMBL3093440,P08235,6.88277006149292
CHEMBL117796,Q07869,7.300447940826416
CHEMBL3589696,Q92731,6.650069236755371
CHEMBL3764414,Q14994,6.919857025146484
CHEMBL191648,Q92731,8.633520126342773
CHEMBL4211975,P03372,5.056464195251465
CHEMBL1380908,P48443,4.978389739990234
CHEMBL360552,Q03181,5.6006059646606445
CHEMBL227440,P04150,5.770962715148926
CHEMBL430616,P13631,8.003471374511719
CHEMBL219015,P04150,7.023569107055664
CHEMBL2332570,P03372,5.692136287689209
CHEMBL120245,P10828,6.755067825317383
CHEMBL427533,Q92731,5.977651119232178
CHEMBL467888,P04150,6.364073276519775
CHEMBL1479,P04150,6.564109802246094
CHEMBL385489,Q13133,6.589136600494385
CHEMBL498171,Q07869,5.693005561828613
CHEMBL1170,P10275,6.3575520515441895
CHEMBL415524,P08235,6.26212215423584
CHEMBL4084504,P08235,7.209967136383057
CHEMBL3598064,P51450,6.56069803237915
CHEMBL328804,P06401,8.765216827392578
CHEMBL424133,P37231,5.510974884033203
CHEMBL147599,P37231,5.685420513153076
CHEMBL3350384,Q92731,7.908313274383545
CHEMBL843,P37231,6.857347011566162
CHEMBL3105675,P51450,6.622729778289795
CHEMBL4217478,P51449,7.767661094665527
CHEMBL3912971,P51449,6.947915077209473
CHEMBL550845,P10827,5.885340690612793
CHEMBL2312712,Q07869,6.170323848724365
CHEMBL106666,Q07869,5.466930389404297
CHEMBL4104050,Q96RI1,7.795328617095947
CHEMBL493490,Q92731,5.660915851593018
CHEMBL1165642,P10275,6.850144386291504
CHEMBL3098772,Q05343,6.316665172576904
CHEMBL3905061,P51449,6.38926887512207
CHEMBL400380,P19793,6.941794395446777
CHEMBL1393548,Q92731,5.370438098907471
CHEMBL3398452,P37231,5.577160358428955
CHEMBL1835047,Q96RI1,7.306095123291016
CHEMBL3623118,P10275,7.485095977783203
CHEMBL82716,P13631,7.9081950187683105
CHEMBL1428161,P03372,4.55740213394165
CHEMBL4101596,P37231,6.198885917663574
CHEMBL1404155,P03372,4.717817306518555
CHEMBL3960996,P51449,7.289946556091309
CHEMBL4173278,P11474,8.240681648254395
CHEMBL4078402,P37231,6.291749477386475
CHEMBL214692,Q92731,7.680622100830078
CHEMBL606756,Q13133,6.965232849121094
CHEMBL74022,Q92731,5.429345607757568
CHEMBL236499,P10827,7.09224796295166
CHEMBL215245,P37231,7.47224760055542
CHEMBL381570,Q13133,6.465956687927246
CHEMBL59438,Q92731,7.400784969329834
CHEMBL552105,P10827,5.326840400695801
CHEMBL3818620,P10275,8.312227249145508
CHEMBL4101935,P10275,7.4109110832214355
CHEMBL3695764,P37231,8.008224487304688
CHEMBL1254080,P06401,6.228329181671143
CHEMBL92777,P06401,6.864367961883545
CHEMBL193146,Q92731,8.601350784301758
CHEMBL3261325,P10827,6.376253128051758
CHEMBL233976,Q07869,6.4367218017578125
CHEMBL99306,P06211,6.791329860687256
CHEMBL255331,P10275,8.577831268310547
CHEMBL3361044,P51449,5.896139621734619
CHEMBL3218918,P51449,5.9041290283203125
CHEMBL3815001,Q13133,6.737163066864014
CHEMBL4281988,P37231,5.2438507080078125
CHEMBL4237295,Q03181,7.947664737701416
CHEMBL3402134,P51449,5.65997314453125
CHEMBL3622997,P03372,6.52174711227417
CHEMBL492228,P06401,8.367998123168945
CHEMBL234800,Q07869,6.353849411010742
CHEMBL331820,P15207,7.66116189956665
CHEMBL150879,Q92731,7.311663627624512
CHEMBL184981,P10275,6.656739234924316
CHEMBL4278678,P03372,6.221663951873779
CHEMBL3115242,P37231,5.54954719543457
CHEMBL50885,P37231,6.1069536209106445
CHEMBL1416417,Q92731,5.616352081298828
CHEMBL1091218,Q07869,6.747930526733398
CHEMBL389393,P03372,6.8816423416137695
CHEMBL705,P19793,6.556144714355469
CHEMBL3398457,P37231,6.028772354125977
CHEMBL162368,P10275,7.436323642730713
CHEMBL51933,P04150,5.670126914978027
CHEMBL3963595,P51449,7.62837553024292
CHEMBL2407647,Q92731,5.35399055480957
CHEMBL3640907,P15207,7.637521266937256
CHEMBL3971856,P51449,5.9349541664123535
CHEMBL3318038,P37231,6.181649208068848
CHEMBL1381495,Q92731,6.08263635635376
CHEMBL3947344,P10275,5.981191635131836
CHEMBL3263710,Q13133,6.023561954498291
CHEMBL2316544,P10275,5.086665153503418
CHEMBL342514,P37231,6.537116050720215
CHEMBL144431,Q92731,7.28191614151001
CHEMBL3397709,P37231,5.631685256958008
CHEMBL383253,P03372,5.62479829788208
CHEMBL3818652,P10275,7.94394588470459
CHEMBL121893,P10827,5.247519016265869
CHEMBL4075017,P22199,6.122620105743408
CHEMBL1801738,P37231,6.217814922332764
CHEMBL1511693,Q92731,5.358706474304199
CHEMBL1173474,P37231,4.382917404174805
CHEMBL436859,P08235,6.849822998046875
CHEMBL1093518,P51449,5.384512901306152
CHEMBL459563,P55055,7.9465532302856445
CHEMBL3317733,P51449,6.746494770050049
CHEMBL443579,P10275,7.355053901672363
CHEMBL3601091,Q07869,5.383377552032471
CHEMBL3617297,P55055,4.866769313812256
CHEMBL138098,P06401,5.888787746429443
CHEMBL346159,P15207,4.731551170349121
CHEMBL187087,Q92731,7.945730686187744
CHEMBL422241,P06186,7.017952919006348
CHEMBL186597,P03372,7.245365619659424
CHEMBL188129,P10275,7.745172500610352
CHEMBL229525,Q03181,7.095670223236084
CHEMBL525989,P37231,6.41970682144165
CHEMBL211371,P37231,7.230413436889648
CHEMBL3093452,P04150,7.712262153625488
CHEMBL3109223,P51449,6.820526123046875
CHEMBL1911654,P04150,7.712741851806641
CHEMBL196067,P06401,7.454394340515137
CHEMBL3261167,P04150,6.499136447906494
CHEMBL89581,P10826,6.105263710021973
CHEMBL334330,P19793,5.411025524139404
CHEMBL3335657,Q96RI1,6.049042701721191
CHEMBL561245,P10828,5.4324870109558105
CHEMBL4283871,P51449,6.585127353668213
CHEMBL595782,P55055,8.473357200622559
CHEMBL167620,P06401,6.054152011871338
CHEMBL4169720,P19091,5.958158493041992
CHEMBL4077815,P03372,6.19962215423584
CHEMBL1465890,Q92731,6.353445529937744
CHEMBL1830769,P10275,5.291905879974365
CHEMBL481107,P10275,6.820476055145264
CHEMBL3581538,P51449,7.610711097717285
CHEMBL2377529,P37231,6.467349052429199
CHEMBL191984,Q96RI1,6.905797004699707
CHEMBL392309,P04150,6.370419502258301
CHEMBL4164670,P51449,7.740330696105957
CHEMBL520857,P10828,6.209188461303711
CHEMBL235143,Q07869,5.525211811065674
CHEMBL477940,P37231,4.875047206878662
CHEMBL310365,P04150,7.6831841468811035
CHEMBL3315050,P04150,7.213974952697754
CHEMBL612006,Q13133,8.50006103515625
CHEMBL4228331,P51449,7.460897922515869
CHEMBL4211724,P08235,7.98633337020874
CHEMBL3942411,P51449,7.16248893737793
CHEMBL1608,P06401,9.092395782470703
CHEMBL567854,P06401,6.02518892288208
CHEMBL180792,P03372,8.681737899780273
CHEMBL1911270,P04150,6.741947650909424
CHEMBL3361037,P51449,6.982991695404053
CHEMBL383728,P37231,6.390424728393555
CHEMBL227030,P10275,8.193380355834961
CHEMBL273143,P04150,8.01612663269043
CHEMBL371346,Q96RI1,6.888284683227539
CHEMBL363705,Q92731,7.072907447814941
CHEMBL1946753,P37231,7.5055670738220215
CHEMBL3597400,P37231,5.069817066192627
CHEMBL556311,Q96RI1,5.704826354980469
CHEMBL3103197,Q07869,7.686186790466309
CHEMBL2031540,Q92731,5.452447414398193
CHEMBL568521,P06401,6.457324028015137
CHEMBL221489,P37231,6.647066116333008
CHEMBL3961912,P51449,7.635976314544678
CHEMBL3137947,O35627,4.857733249664307
CHEMBL399876,P10275,6.377863883972168
CHEMBL202521,P10828,6.3026251792907715
CHEMBL3361064,P51449,6.894087314605713
CHEMBL559716,P10828,5.455234527587891
CHEMBL207103,P37231,5.539689540863037
CHEMBL397034,P19793,5.528016567230225
CHEMBL1911648,P04150,6.5522685050964355
CHEMBL294710,Q92731,6.375226974487305
CHEMBL1911644,P06401,6.010024070739746
CHEMBL603743,P55055,7.493717193603516
CHEMBL1682420,P04150,7.971138954162598
CHEMBL131826,P10826,5.43194580078125
CHEMBL219015,P08235,6.165286540985107
CHEMBL102039,P19793,6.43372106552124
CHEMBL363955,Q92731,8.078049659729004
CHEMBL487116,P06401,7.678242206573486
CHEMBL1075724,Q03181,6.835836887359619
CHEMBL3901588,P10276,7.665382385253906
CHEMBL78587,P13631,8.773098945617676
CHEMBL439806,Q92731,5.537814617156982
CHEMBL522619,Q03181,7.734853744506836
CHEMBL4068946,P10275,6.727603912353516
CHEMBL3581549,P51449,6.509740829467773
CHEMBL1413557,P03372,4.617105007171631
CHEMBL103468,P06401,8.029545783996582
CHEMBL25244,P19793,7.2679314613342285
CHEMBL3581682,P03372,9.379944801330566
CHEMBL512579,Q92731,5.960971832275391
CHEMBL3109232,P51450,6.634789943695068
CHEMBL239353,P23204,6.101818084716797
CHEMBL226462,Q13133,7.74812126159668
CHEMBL3605919,P10275,6.1203789710998535
CHEMBL2153843,Q07869,5.188277721405029
CHEMBL181729,P04150,7.799435138702393
CHEMBL417729,P06401,6.204684257507324
CHEMBL4169100,P04150,7.564046859741211
CHEMBL226461,Q13133,7.540805339813232
CHEMBL4211975,P10827,4.916303634643555
CHEMBL1924001,P10275,5.935662269592285
CHEMBL1956362,Q07869,5.603028297424316
CHEMBL3094431,P37231,4.979864597320557
CHEMBL138098,P04150,7.780956268310547
CHEMBL1392657,P03372,4.581663131713867
CHEMBL4106817,P03372,5.116716384887695
CHEMBL265868,Q03181,6.661498069763184
CHEMBL4099077,P08235,7.024786472320557
CHEMBL3774871,P08235,7.750296115875244
CHEMBL1442697,P03372,5.364840030670166
CHEMBL3094372,P51449,5.7380571365356445
CHEMBL3315054,P06401,5.0270586013793945
CHEMBL3263232,Q07869,4.677521228790283
CHEMBL192769,Q96RI1,6.058712959289551
CHEMBL200732,P37231,8.779091835021973
CHEMBL220023,P04150,6.692678928375244
CHEMBL3261336,P10828,7.510862350463867
CHEMBL2070448,P55055,6.04858922958374
CHEMBL284453,Q92731,5.617750644683838
CHEMBL4163551,P51449,6.894772052764893
CHEMBL8209,P04150,7.728555202484131
CHEMBL3953624,P51449,6.102322101593018
CHEMBL3105683,P51450,6.3327107429504395
CHEMBL1201146,Q690N0,7.267952919006348
CHEMBL3315052,P04150,8.32547378540039
CHEMBL573678,P55055,7.190438747406006
CHEMBL1085625,P10275,4.9998931884765625
CHEMBL4289166,P51449,6.04742956161499
CHEMBL2070860,P11473,4.442981719970703
CHEMBL3827740,P37231,5.805253028869629
CHEMBL3695869,P37231,9.165841102600098
CHEMBL3588886,Q13133,6.252087116241455
CHEMBL3695776,P37231,7.488122463226318
CHEMBL142889,P15207,5.329999923706055
CHEMBL198411,P03372,7.210233211517334
CHEMBL403039,P10275,7.837972164154053
CHEMBL161245,P18113,8.934310913085938
CHEMBL4212795,P62508,6.248888969421387
CHEMBL193207,P03372,7.0481085777282715
CHEMBL1390,P15207,6.709110736846924
CHEMBL118693,P28705,4.84489107131958
CHEMBL2070878,P11473,5.664534091949463
CHEMBL1641718,Q07869,5.419360637664795
CHEMBL3598053,Q92753,5.82460355758667
CHEMBL3934548,P51449,6.940587520599365
CHEMBL1087919,Q92731,7.174431324005127
CHEMBL3657148,P03372,7.133418560028076
CHEMBL122495,P15207,7.029300689697266
CHEMBL3581644,P03372,7.11442756652832
CHEMBL1910411,P06186,7.261904239654541
CHEMBL250507,P11474,6.525216102600098
CHEMBL426854,P03372,5.264039516448975
CHEMBL384533,P10275,7.992918491363525
CHEMBL2164224,O75469,5.409595012664795
CHEMBL1087546,Q92731,7.685730457305908
CHEMBL484467,Q07869,5.7181220054626465
CHEMBL236877,P37231,7.6138763427734375
CHEMBL191711,P03372,6.947321891784668
CHEMBL222127,P04150,7.347250461578369
CHEMBL489584,Q92731,8.357240676879883
CHEMBL501649,P10275,6.954640865325928
CHEMBL205171,P10827,6.203805446624756
CHEMBL200071,P37231,6.710278034210205
CHEMBL253521,P55055,5.152656555175781
CHEMBL394644,P10827,6.99032735824585
CHEMBL125728,P10828,9.02100944519043
CHEMBL212419,P03372,6.115323543548584
CHEMBL234460,Q92731,7.59202241897583
CHEMBL426641,P03372,6.989551067352295
CHEMBL1507788,Q92731,5.019173622131348
CHEMBL3397338,P10828,9.835371971130371
CHEMBL381387,P04150,6.125210762023926
CHEMBL1091940,P35398,5.088817119598389
CHEMBL3397337,P10827,9.608131408691406
CHEMBL3775410,P03372,6.706801891326904
CHEMBL1254079,P04150,7.723532676696777
CHEMBL50454,P06401,6.663272380828857
CHEMBL131826,P28702,7.792962074279785
CHEMBL388462,P04150,5.790572166442871
CHEMBL4281316,P37231,5.536667823791504
CHEMBL3093443,P06401,5.6246466636657715
CHEMBL3896604,P51449,6.882763385772705
CHEMBL340074,Q5BJR8,7.820555686950684
CHEMBL4175179,P03372,9.210716247558594
CHEMBL340555,Q5BJR8,8.308938980102539
CHEMBL3589382,P10275,6.9771599769592285
CHEMBL357603,P10826,6.810417175292969
CHEMBL3827098,P03372,4.806730270385742
CHEMBL3589353,Q92731,6.920736789703369
CHEMBL237305,Q03181,8.267508506774902
CHEMBL3985281,P37231,5.405311107635498
CHEMBL3115245,P37231,5.833995342254639
CHEMBL271853,P04150,7.421241760253906
CHEMBL3605921,P06401,6.104931831359863
CHEMBL425970,P08235,6.872989177703857
CHEMBL3824162,Q96RI1,6.501996994018555
CHEMBL497991,P37231,5.523681163787842
CHEMBL4205733,P13631,9.097475051879883
CHEMBL486176,Q07869,5.568303108215332
CHEMBL2426150,P04150,6.931044578552246
CHEMBL181554,P37231,8.354643821716309
CHEMBL2087291,P04150,6.356664657592773
CHEMBL3132988,P10275,5.806777000427246
CHEMBL3963646,P51449,6.658741474151611
CHEMBL218487,Q07869,5.174610614776611
CHEMBL3813703,P55055,5.918155670166016
CHEMBL1023,Q13133,6.180335521697998
CHEMBL1214620,P13053,9.740117073059082
CHEMBL3962832,Q07869,6.197885990142822
CHEMBL4076693,P03372,7.790780067443848
CHEMBL207469,P13053,8.956270217895508
CHEMBL427299,P37231,7.88313102722168
CHEMBL2314754,P04150,5.852033615112305
CHEMBL1383151,P03372,5.4430155754089355
CHEMBL91718,P13631,7.059295177459717
CHEMBL1087040,Q92731,6.981678485870361
CHEMBL373987,Q92731,7.3283185958862305
CHEMBL1911649,P06401,6.486334800720215
CHEMBL3314005,P51449,6.481039524078369
CHEMBL3126935,P08235,6.34844446182251
CHEMBL1349382,P22736,4.365846157073975
CHEMBL4217033,O95718,6.470539569854736
CHEMBL4126991,Q92753,5.587118625640869
CHEMBL1684342,P04150,7.8319411277771
CHEMBL329334,P13631,6.278559684753418
CHEMBL2035060,Q03181,8.145562171936035
CHEMBL78413,P03372,5.997068405151367
CHEMBL1668245,Q96RI1,7.414627552032471
CHEMBL236218,Q07869,5.157418251037598
CHEMBL133896,P19793,8.098859786987305
CHEMBL93391,P03372,7.216071605682373
CHEMBL4171515,P28702,5.9727044105529785
CHEMBL3598152,P51449,6.741220474243164
CHEMBL3896975,P51449,7.65095329284668
CHEMBL149438,P37231,4.8510332107543945
CHEMBL38,P11416,7.755763530731201
CHEMBL185114,P03372,8.791102409362793
CHEMBL4095217,P04150,7.910872459411621
CHEMBL1929042,P06401,6.002063274383545
CHEMBL1684355,P04150,7.749606132507324
CHEMBL3963570,P51449,7.063568115234375
CHEMBL3588961,P10275,6.93471097946167
CHEMBL366207,P37231,4.792823314666748
CHEMBL3798227,P51449,4.809110164642334
CHEMBL367019,Q03181,8.287968635559082
CHEMBL468714,Q96RI1,5.874301910400391
CHEMBL3238293,P10275,7.703034400939941
CHEMBL402063,P10275,6.347136497497559
CHEMBL292284,P06401,8.466822624206543
CHEMBL457977,O75469,5.602715015411377
CHEMBL176421,Q03181,6.20408821105957
CHEMBL563181,P10827,5.1974029541015625
CHEMBL3093443,P04150,7.281846046447754
CHEMBL130374,P10276,6.660870552062988
CHEMBL3964460,P04150,8.08747673034668
CHEMBL4077898,P04150,8.326448440551758
CHEMBL436859,P03372,6.897716999053955
CHEMBL309282,P10826,7.857524394989014
CHEMBL4176762,P37231,6.432693004608154
CHEMBL2110180,P19793,7.920187950134277
CHEMBL4244598,Q96RI1,5.4587225914001465
CHEMBL573966,P37231,4.852845191955566
CHEMBL234382,Q03181,7.013007164001465
CHEMBL1087298,Q92731,7.329963684082031
CHEMBL1200545,Q690N0,6.258700370788574
CHEMBL3912442,P51449,6.732912063598633
CHEMBL574787,Q13133,4.759746074676514
CHEMBL398432,P10275,6.5569868087768555
CHEMBL255570,P04150,7.163891315460205
CHEMBL78124,P06536,7.855898380279541
CHEMBL2022861,P04150,7.618887901306152
CHEMBL3915908,P51449,6.037969589233398
CHEMBL3647445,P04150,8.124667167663574
CHEMBL1313979,P03372,5.426985740661621
CHEMBL192025,Q92731,7.3704304695129395
CHEMBL1501,P04150,7.575071334838867
CHEMBL3695825,P37231,7.770328998565674
CHEMBL214414,Q13285,6.648743629455566
CHEMBL115164,P28702,6.972503185272217
CHEMBL6,P37231,5.9241509437561035
CHEMBL501982,P37231,6.322638988494873
CHEMBL4079377,P10275,6.976322650909424
CHEMBL3967063,P51449,6.902490139007568
CHEMBL351943,P28702,7.355989933013916
CHEMBL3234247,P51449,5.8532395362854
CHEMBL125362,Q92731,6.389904022216797
CHEMBL274826,P15207,6.75309944152832
CHEMBL2204699,P37231,4.329372406005859
CHEMBL75741,P13631,7.574889659881592
CHEMBL1094797,P04150,6.295036315917969
CHEMBL3666819,P04150,8.901418685913086
CHEMBL214272,Q07869,6.342076778411865
CHEMBL4208475,P51449,7.071165561676025
CHEMBL519504,Q07869,6.74174165725708
CHEMBL8131,P04150,7.727272987365723
CHEMBL3775807,P51449,6.681866645812988
CHEMBL3605930,P10275,5.665385723114014
CHEMBL235829,P03372,8.044821739196777
CHEMBL539462,P03372,6.4454569816589355
CHEMBL317824,Q62986,6.199672698974609
CHEMBL4086339,P03372,7.485222816467285
CHEMBL489788,P04150,6.04222297668457
CHEMBL3640862,P15207,7.510035037994385
CHEMBL4206798,P03372,6.752470970153809
CHEMBL4069985,P03372,5.450870990753174
CHEMBL362566,P10275,7.200185775756836
CHEMBL3323503,P10275,5.533565998077393
CHEMBL393392,P08235,5.935577869415283
CHEMBL131925,P13631,8.446185111999512
CHEMBL206727,Q92731,7.856525897979736
CHEMBL379276,P06401,6.987721920013428
CHEMBL4282219,P03372,5.815485000610352
CHEMBL236754,P08235,5.98772668838501
CHEMBL206648,P03372,4.5701799392700195
CHEMBL239352,P35396,6.758378505706787
CHEMBL4127932,P51449,7.519110202789307
CHEMBL377166,Q92731,8.185517311096191
CHEMBL4277640,P19793,4.950575828552246
CHEMBL3916614,P51449,6.624655723571777
CHEMBL267385,Q62986,8.141251564025879
CHEMBL3126368,P10828,7.197071552276611
CHEMBL391264,Q03181,8.149758338928223
CHEMBL4059624,P03372,7.611555099487305
CHEMBL4079530,P03372,8.391485214233398
CHEMBL3672844,P55055,7.176143646240234
CHEMBL1928874,P10275,5.616550445556641
CHEMBL2105611,P11473,8.302681922912598
CHEMBL3957844,P06401,5.932711124420166
CHEMBL382102,P22199,7.052339553833008
CHEMBL3598048,Q92753,5.836173057556152
CHEMBL97531,P08235,7.5171217918396
CHEMBL3763505,Q14994,5.7596588134765625
CHEMBL219836,Q03181,6.037415027618408
CHEMBL3260002,P51449,6.19041109085083
CHEMBL225936,P55055,8.176484107971191
CHEMBL360385,Q92731,7.764585971832275
CHEMBL1801008,P06401,6.249074935913086
CHEMBL3358935,P04150,7.7310686111450195
CHEMBL188230,Q92731,7.491441249847412
CHEMBL4095614,P37231,5.96155309677124
CHEMBL470574,P37231,5.608720779418945
CHEMBL230523,P37231,6.05574369430542
CHEMBL60079,Q13133,6.281149864196777
CHEMBL3598041,P51449,6.398001194000244
CHEMBL351447,P10275,7.189218521118164
CHEMBL485155,P37231,5.154101371765137
CHEMBL2316562,P10275,4.231746673583984
CHEMBL203122,P03372,4.817407131195068
CHEMBL3747092,P11473,5.261293888092041
CHEMBL3902483,P51449,7.035866737365723
CHEMBL2326074,P11474,6.961352825164795
CHEMBL4225954,P03372,6.40007209777832
CHEMBL1254995,P04150,7.148255348205566
CHEMBL208567,Q07869,5.883275508880615
CHEMBL574138,P06401,7.334719181060791
CHEMBL2381195,Q13133,4.442969799041748
CHEMBL1765167,P35398,5.434133052825928
CHEMBL330938,P37231,6.3468403816223145
CHEMBL221438,Q07869,5.632762908935547
CHEMBL4229221,P03372,7.590591907501221
CHEMBL3678112,P37231,7.305875778198242
CHEMBL3605929,P06401,5.825812816619873
CHEMBL144112,P37230,5.048355579376221
CHEMBL1230314,P03372,8.801037788391113
CHEMBL489765,Q07869,5.249884128570557
CHEMBL1098832,P55055,6.64396333694458
CHEMBL593739,Q13133,6.072145938873291
CHEMBL3337832,P06401,5.094267845153809
CHEMBL3261425,P06536,7.960960388183594
CHEMBL364511,P04150,8.084831237792969
CHEMBL345009,P37230,6.050196647644043
CHEMBL1095542,P04150,5.735504627227783
CHEMBL103237,P06401,8.763219833374023
CHEMBL1760266,Q03181,6.400184154510498
CHEMBL2348879,P11473,4.016787052154541
CHEMBL193200,Q92731,5.980594158172607
CHEMBL4099166,P03372,8.783247947692871
CHEMBL1089421,P06401,5.4190778732299805
CHEMBL355695,P37231,7.215231895446777
CHEMBL2158012,Q07869,6.311295032501221
CHEMBL4203464,P11473,8.60759162902832
CHEMBL4103516,P03372,7.191186428070068
CHEMBL3706885,P10275,6.3833231925964355
CHEMBL3916016,P13631,7.5641560554504395
CHEMBL3596628,P51449,6.395052433013916
CHEMBL1760405,Q03181,6.861611843109131
CHEMBL3672843,Q13133,5.9932475090026855
CHEMBL2111792,P19793,6.987809658050537
CHEMBL4279772,P51449,7.481103420257568
CHEMBL3262946,Q07869,4.7437334060668945
CHEMBL1085593,P06401,5.711918830871582
CHEMBL2386395,P10275,5.9186296463012695
CHEMBL244205,P03372,8.956368446350098
CHEMBL51933,P10275,5.433608531951904
CHEMBL1613004,Q92731,5.31831169128418
CHEMBL3764076,Q07869,6.123572826385498
CHEMBL4127926,P51449,7.854849338531494
CHEMBL1253987,P04150,7.526836395263672
CHEMBL398552,P03372,7.427980422973633
CHEMBL4292527,Q92753,6.32730770111084
CHEMBL153100,Q92731,6.010422706604004
CHEMBL2070861,P11473,4.603688716888428
CHEMBL27769,P06186,8.156807899475098
CHEMBL3936931,P10275,5.9866790771484375
CHEMBL3775765,P51449,6.051976203918457
CHEMBL1210842,P10275,8.03886890411377
CHEMBL109847,P10826,5.7890753746032715
CHEMBL1092931,Q07869,6.505988597869873
CHEMBL146579,P37231,8.163527488708496
CHEMBL91185,P19793,8.226764678955078
CHEMBL472244,P37231,5.889001369476318
CHEMBL3643650,P08235,6.324451923370361
CHEMBL103232,P06401,8.05618953704834
CHEMBL96143,Q07869,7.160172939300537
CHEMBL221123,P37231,7.207547187805176
CHEMBL44426,Q92731,7.278858661651611
CHEMBL391283,Q03181,7.594448089599609
CHEMBL4289622,P51449,7.759574890136719
CHEMBL4165756,Q96RI1,5.867989540100098
CHEMBL1257895,P35396,4.9694061279296875
CHEMBL356326,P13631,6.628141403198242
CHEMBL95803,P06211,6.211464881896973
CHEMBL111271,P37231,5.8752617835998535
CHEMBL3905660,P51449,6.2986674308776855
CHEMBL3234614,Q92731,7.7251057624816895
CHEMBL388997,P06401,6.323134899139404
CHEMBL416794,P37231,5.134635925292969
CHEMBL187392,O08537,7.570401191711426
CHEMBL237262,P10275,7.3463592529296875
CHEMBL3093461,P08235,6.713860988616943
CHEMBL3900828,P10275,6.762648105621338
CHEMBL326911,P10826,6.150534629821777
CHEMBL592289,P06401,7.794628620147705
CHEMBL248530,Q07869,6.269745826721191
CHEMBL2171449,P11473,8.290668487548828
CHEMBL1381306,P03372,4.789445877075195
CHEMBL606539,Q13133,8.67639446258545
CHEMBL3342065,Q96RI1,5.094213008880615
CHEMBL204272,Q92731,7.342161655426025
CHEMBL3639397,P15207,7.927850723266602
CHEMBL1760269,Q03181,7.046678066253662
CHEMBL4165075,P51449,4.682353496551514
CHEMBL186073,P03372,5.63899040222168
CHEMBL2312700,Q07869,6.535933494567871
CHEMBL3598051,P51449,8.050868034362793
CHEMBL484266,Q07869,5.745983600616455
CHEMBL1237061,P19793,5.56713342666626
CHEMBL101609,P19793,7.162678241729736
CHEMBL454141,Q28037,8.05351734161377
CHEMBL1276308,Q92731,7.517666816711426
CHEMBL472451,Q07869,6.043234348297119
CHEMBL394678,P10828,5.375078201293945
CHEMBL3706910,P10275,6.584341049194336
CHEMBL420742,P04150,5.389835357666016
CHEMBL4101362,P11473,5.5885491371154785
CHEMBL3895481,P37231,5.4219651222229
CHEMBL3978825,P51449,6.78314208984375
CHEMBL2312700,P37231,5.2824530601501465
CHEMBL4083780,P03372,7.539053440093994
CHEMBL4167595,P03372,5.648177146911621
CHEMBL226380,P11473,8.794730186462402
CHEMBL487611,P37231,4.164422988891602
CHEMBL3931974,P51449,7.86863374710083
CHEMBL4212837,Q03181,6.970384120941162
CHEMBL4202570,P51449,6.632279872894287
CHEMBL2381196,Q13133,5.870259761810303
CHEMBL238122,P10275,7.224738597869873
CHEMBL3086023,P08235,5.974591255187988
CHEMBL3695599,P10275,6.386254787445068
CHEMBL160665,P10275,6.726582050323486
CHEMBL3943274,P51449,7.479002952575684
CHEMBL81074,Q92731,6.1049699783325195
CHEMBL3109156,P03372,6.022860527038574
CHEMBL482659,Q03181,6.468839168548584
CHEMBL2079587,P03372,4.623291015625
CHEMBL346703,P13631,7.501891136169434
CHEMBL340555,Q05343,8.711845397949219
CHEMBL122417,Q07869,6.246146202087402
CHEMBL3913554,P10275,6.847575664520264
CHEMBL2070460,P55055,5.850803852081299
CHEMBL396656,P10275,6.634638786315918
CHEMBL101381,Q96RI1,6.355932712554932
CHEMBL196237,P08235,6.123996257781982
CHEMBL1200624,P15207,7.088869571685791
CHEMBL2407667,P08235,6.5364274978637695
CHEMBL3951385,P13631,5.1836700439453125
CHEMBL3764209,P37231,5.713045120239258
CHEMBL3809850,P55055,5.777231693267822
CHEMBL357917,P13631,7.274293422698975
CHEMBL363630,P03372,6.4759039878845215
CHEMBL1495173,Q92731,5.892483234405518
CHEMBL2024025,P04150,7.569232940673828
CHEMBL505445,P55055,7.601691722869873
CHEMBL551106,P10828,5.288537502288818
CHEMBL490825,P06401,8.447019577026367
CHEMBL4209944,P51449,7.701019287109375
CHEMBL329902,Q92731,6.301309108734131
CHEMBL3398450,P37231,5.840568542480469
CHEMBL425939,P10828,9.992199897766113
CHEMBL717,P04150,8.035930633544922
CHEMBL435715,Q03181,6.643749713897705
CHEMBL3695773,P37231,8.03413200378418
CHEMBL456834,P13053,7.803008079528809
CHEMBL3734774,P06536,7.662587642669678
CHEMBL236436,P10828,8.570818901062012
CHEMBL552285,P06401,7.861367702484131
CHEMBL4079659,Q96RI1,5.74945592880249
CHEMBL595125,P55055,6.871369361877441
CHEMBL3105804,P51449,5.079136371612549
CHEMBL280293,Q03181,5.976263999938965
CHEMBL3974483,P51449,6.922573089599609
CHEMBL93705,Q92731,6.996579647064209
CHEMBL214772,O00482,6.34043550491333
CHEMBL2012765,P55055,6.1932830810546875
CHEMBL194866,P55055,5.794554710388184
CHEMBL205934,P03372,6.145822525024414
CHEMBL3596627,P51449,6.05672025680542
CHEMBL3264932,P04150,6.407138347625732
CHEMBL362356,P03372,5.636427879333496
CHEMBL206600,P03372,5.890478134155273
CHEMBL2070367,P55055,5.577746391296387
CHEMBL86893,P19793,6.188548564910889
CHEMBL2437041,P11473,6.6049699783325195
CHEMBL227749,P10275,8.129887580871582
CHEMBL355924,P37231,7.34763765335083
CHEMBL1940689,P04150,7.660890102386475
CHEMBL83953,P10827,5.046356201171875
CHEMBL3678162,P37231,6.376944065093994
CHEMBL206772,Q92731,5.710709095001221
CHEMBL2337509,P10275,6.730457305908203
CHEMBL121893,P10828,4.600047588348389
CHEMBL3893980,P37231,6.392613887786865
CHEMBL4079083,P08235,6.266934871673584
CHEMBL541908,P04150,7.04041051864624
CHEMBL4087674,P10275,7.828332901000977
CHEMBL2332570,Q92731,6.624194622039795
CHEMBL306689,P04150,7.436045169830322
CHEMBL4203742,P13631,7.918107509613037
CHEMBL4210727,P51449,7.175346374511719
CHEMBL205634,P28702,6.907382011413574
CHEMBL4068555,Q96RI1,5.918414115905762
CHEMBL225514,P03372,6.37492036819458
CHEMBL1644761,P10275,6.961653709411621
CHEMBL355980,P03372,5.505643367767334
CHEMBL203409,Q03181,5.836567401885986
CHEMBL549892,P55055,6.6551361083984375
CHEMBL4174671,P37231,7.028979778289795
CHEMBL3403687,Q13133,6.066928386688232
CHEMBL558496,Q13133,4.458977699279785
CHEMBL549725,P06401,5.78601598739624
CHEMBL4214493,P13631,7.514577865600586
CHEMBL1597831,P03372,6.089284896850586
CHEMBL334534,P48443,5.559929370880127
CHEMBL236033,P10827,5.015770435333252
CHEMBL480934,P10275,6.747646808624268
CHEMBL3640822,P15207,9.05715274810791
CHEMBL346215,P03372,6.802762508392334
CHEMBL4098415,Q07869,5.775217056274414
CHEMBL459473,Q13133,6.164889812469482
CHEMBL228932,P04150,6.205397129058838
CHEMBL4066614,P04150,8.547004699707031
CHEMBL130232,P48443,8.242205619812012
CHEMBL219773,Q07869,5.88313102722168
CHEMBL3966957,P06401,6.529068946838379
CHEMBL89581,P28705,7.17716121673584
CHEMBL3640877,P15207,8.886828422546387
CHEMBL241301,Q92731,6.376817226409912
CHEMBL255872,Q07869,6.342715263366699
CHEMBL2312702,Q07869,7.391556739807129
CHEMBL1093916,P55055,6.559314727783203
CHEMBL3936058,P51449,6.542639255523682
CHEMBL3317867,P37231,7.507688045501709
CHEMBL390577,P10275,7.988078594207764
CHEMBL2158165,Q96RI1,5.047353267669678
CHEMBL3099429,P03372,7.2285380363464355
CHEMBL386502,P03372,6.4529194831848145
CHEMBL229786,Q03181,6.936645030975342
CHEMBL191419,P55055,6.106486797332764
CHEMBL183162,P03372,8.334166526794434
CHEMBL1643199,Q03181,6.491909980773926
CHEMBL191578,Q96RI1,6.722422122955322
CHEMBL411,P03372,6.943554401397705
CHEMBL3818420,P10275,8.352065086364746
CHEMBL3764004,P37231,5.674230575561523
CHEMBL4276733,Q92753,5.970434665679932
CHEMBL1081962,Q03181,6.834441184997559
CHEMBL1760425,Q03181,7.043354034423828
CHEMBL3109329,P51450,6.687379837036133
CHEMBL514646,P03372,4.898660182952881
CHEMBL402492,P11474,8.030425071716309
CHEMBL3263764,P08235,8.408869743347168
CHEMBL2372060,P03372,5.617411136627197
CHEMBL3326460,P10275,9.197049140930176
CHEMBL1386105,P03372,4.702469348907471
CHEMBL3979964,P51449,7.042171955108643
CHEMBL223349,P37231,6.1142659187316895
CHEMBL247235,P04150,6.546402454376221
CHEMBL121106,P37231,7.421852111816406
CHEMBL3261333,P10828,7.240044593811035
CHEMBL342418,Q92731,8.474701881408691
CHEMBL235496,P03372,6.564732074737549
CHEMBL1471193,Q92731,5.104013919830322
CHEMBL440758,P37231,6.985250949859619
CHEMBL469602,P10275,6.678960800170898
CHEMBL77779,P10275,7.033070087432861
CHEMBL253312,P55055,8.600381851196289
CHEMBL4129656,Q92753,4.988966464996338
CHEMBL4091019,Q96RI1,5.848627090454102
CHEMBL3314003,Q13133,5.330057621002197
CHEMBL3578273,P08235,7.170346736907959
CHEMBL1088337,Q92731,9.63105297088623
CHEMBL1947140,P37231,6.038410186767578
CHEMBL3335654,Q07869,5.342342853546143
CHEMBL3953927,O75469,6.027459144592285
CHEMBL196261,P37231,5.715989112854004
CHEMBL44979,P28700,5.753382682800293
CHEMBL70381,P08235,5.932560443878174
CHEMBL101712,P19793,6.598169803619385
CHEMBL1830955,P10275,6.02141809463501
CHEMBL1834892,P11473,9.34081745147705
CHEMBL4072125,Q03181,6.231222152709961
CHEMBL3596599,P51449,5.437752723693848
CHEMBL2386408,P10275,5.973952293395996
CHEMBL205694,P19793,6.753509998321533
CHEMBL256569,Q07869,5.666030406951904
CHEMBL395506,P06401,6.54056453704834
CHEMBL198679,P03372,5.805778980255127
CHEMBL2426659,P04150,6.972606658935547
CHEMBL114607,P06401,8.586992263793945
CHEMBL43238,P28702,7.8667144775390625
CHEMBL4278903,P51450,6.897503852844238
CHEMBL1625260,Q14994,5.33599853515625
CHEMBL3640832,P15207,7.796934604644775
CHEMBL4239055,O75469,5.5872321128845215
CHEMBL4073373,P03372,6.781328201293945
CHEMBL346703,P10826,8.12561321258545
CHEMBL1548361,Q92731,5.894585609436035
CHEMBL266488,P04150,7.6471757888793945
CHEMBL601678,P37231,6.896341800689697
CHEMBL4204689,P62508,5.920313358306885
CHEMBL162103,P10275,6.823314189910889
CHEMBL274667,P15207,6.795056343078613
CHEMBL364378,P37231,6.974235534667969
CHEMBL3952077,P51449,7.750168323516846
CHEMBL192427,P10828,6.933694839477539
CHEMBL253416,P37231,7.104770660400391
CHEMBL1828826,Q07869,4.6911725997924805
CHEMBL4279356,P51450,6.405317783355713
CHEMBL375107,P10275,6.368792533874512
CHEMBL3735995,P03372,5.709131717681885
CHEMBL347870,P10275,7.242377281188965
CHEMBL215245,Q07869,5.809762001037598
CHEMBL134602,P10275,6.097653865814209
CHEMBL1208076,P03372,6.018462181091309
CHEMBL264041,P18113,8.114911079406738
CHEMBL200483,P03372,5.5457048416137695
CHEMBL4279069,P03372,5.915531635284424
CHEMBL4293061,P37231,7.137091636657715
CHEMBL363018,Q07869,6.531069278717041
CHEMBL401458,P10275,7.661865234375
CHEMBL379566,P03372,6.204566478729248
CHEMBL550568,Q13133,4.389153003692627
CHEMBL81676,P23204,6.386539936065674
CHEMBL1347829,P03372,4.7535881996154785
CHEMBL1484570,P22736,4.782681941986084
CHEMBL1911651,P06401,5.965290069580078
CHEMBL594024,P10827,8.756282806396484
CHEMBL3263698,P51449,6.197256565093994
CHEMBL1760419,P37231,5.71858024597168
CHEMBL370282,Q92731,7.1497111320495605
CHEMBL1505049,Q92731,6.64022159576416
CHEMBL394644,P10828,7.895417213439941
CHEMBL205600,P28702,7.007380962371826
CHEMBL1541552,P03372,4.947661399841309
CHEMBL421773,P13631,6.870830535888672
CHEMBL1442697,P22736,4.521850109100342
CHEMBL2332887,P19793,6.943972110748291
CHEMBL3695895,P37231,8.110808372497559
CHEMBL238044,P04150,6.481573581695557
CHEMBL3897999,P51449,5.660955905914307
CHEMBL363017,P03372,6.126772403717041
CHEMBL3109235,P51450,6.8606791496276855
CHEMBL384746,P37231,5.2222208976745605
CHEMBL3578291,P08235,6.869939804077148
CHEMBL424636,P19793,6.138111114501953
CHEMBL372519,Q07869,5.624173641204834
CHEMBL278590,Q03181,6.067391872406006
CHEMBL1911649,P08235,6.344114780426025
CHEMBL3115239,P37238,7.433539867401123
CHEMBL4169333,P37231,5.860350131988525
CHEMBL1911151,P06401,6.245642185211182
CHEMBL2381204,P20393,6.783008575439453
CHEMBL371087,P37231,6.808676242828369
CHEMBL3961676,P03372,6.835495471954346
CHEMBL403921,P04150,8.344247817993164
CHEMBL453391,P55055,5.206552505493164
CHEMBL1334633,P22736,5.522134780883789
CHEMBL550082,P04150,8.213894844055176
CHEMBL265938,Q13285,5.899450302124023
CHEMBL357015,P19793,4.933620452880859
CHEMBL1627351,Q92731,7.921008586883545
CHEMBL434183,P04150,7.519726276397705
CHEMBL3924813,P51449,5.872655868530273
CHEMBL226461,P55055,7.36157751083374
CHEMBL252451,P06401,6.802893161773682
CHEMBL147049,P37231,6.472695827484131
CHEMBL2204049,P04150,7.15939474105835
CHEMBL3596591,Q92753,5.623169422149658
CHEMBL401219,P08235,6.559811115264893
CHEMBL3970533,P51449,6.853086948394775
CHEMBL3765679,P37231,5.060239315032959
CHEMBL20125,Q03181,5.695465564727783
CHEMBL4226012,P10276,6.066526889801025
CHEMBL3589801,Q13133,6.510377883911133
CHEMBL4218626,Q13133,5.481439113616943
CHEMBL592985,Q13133,7.609188079833984
CHEMBL4162863,P37231,6.578531265258789
CHEMBL4127282,Q92753,5.247440814971924
CHEMBL2070853,P11473,5.201712608337402
CHEMBL3950318,P13631,4.9698920249938965
CHEMBL1209971,P10275,6.806488037109375
CHEMBL3678125,P37231,8.459874153137207
CHEMBL3354989,P37231,6.653441429138184
CHEMBL3605927,P06536,7.126023769378662
CHEMBL382632,Q92731,7.053355693817139
CHEMBL203472,P62508,6.802604675292969
CHEMBL1334452,Q92731,5.0519795417785645
CHEMBL369542,P10275,7.984460353851318
CHEMBL3706939,P04150,8.156177520751953
CHEMBL285483,P03372,5.5576252937316895
CHEMBL350485,P10826,7.514304161071777
CHEMBL195465,P03372,6.947474002838135
CHEMBL1257454,P04150,7.859687328338623
CHEMBL4082196,Q92731,7.290072441101074
CHEMBL199398,Q07869,6.229580402374268
CHEMBL3105820,P51449,5.426745414733887
CHEMBL303094,P04150,6.481863975524902
CHEMBL89581,P48443,6.84204626083374
CHEMBL4098197,P04150,8.269853591918945
CHEMBL2035881,P10827,7.470208168029785
CHEMBL4067513,Q96RI1,6.298857688903809
CHEMBL2107797,P04150,7.9472832679748535
CHEMBL3109596,P11473,4.724972724914551
CHEMBL82609,P10276,6.194721221923828
CHEMBL146646,P13631,7.1512770652771
CHEMBL1672545,P04150,6.219492435455322
CHEMBL4174856,P11474,6.97538948059082
CHEMBL87380,Q03181,6.00110387802124
CHEMBL3695611,P10275,6.0589165687561035
CHEMBL3735906,P37231,6.9109392166137695
CHEMBL25802,P10275,8.846672058105469
CHEMBL521981,Q13133,6.731331825256348
CHEMBL254333,P55055,8.312616348266602
CHEMBL3817881,P10275,8.933259963989258
CHEMBL163530,P10826,7.817661285400391
CHEMBL8026,P04150,6.518409252166748
CHEMBL3589368,P03372,5.704124450683594
CHEMBL3360843,P03372,6.291522979736328
CHEMBL3643693,P08235,6.392556667327881
CHEMBL605314,P55055,6.775895118713379
CHEMBL92027,Q92731,6.728704452514648
CHEMBL94116,Q92731,6.896394729614258
CHEMBL107789,Q07869,7.1865434646606445
CHEMBL1496995,Q92731,5.2668914794921875
CHEMBL228715,P06401,6.538232803344727
CHEMBL3963614,P10275,5.936778545379639
CHEMBL102403,P06401,8.359033584594727
CHEMBL3605560,P10275,5.637275218963623
CHEMBL523651,P37231,5.552768230438232
CHEMBL377560,Q92731,8.056629180908203
CHEMBL482642,Q92731,5.63047456741333
CHEMBL3126945,P06401,6.453685283660889
CHEMBL159595,P18113,8.475385665893555
CHEMBL3958255,P37231,5.58860445022583
CHEMBL4077949,P08235,6.375715732574463
CHEMBL563916,P04150,8.492560386657715
CHEMBL3402230,P10275,7.263506889343262
CHEMBL583410,P19793,6.39882755279541
CHEMBL204376,P62508,5.555858612060547
CHEMBL3982626,P51449,6.351128101348877
CHEMBL2204695,P37231,5.057613849639893
CHEMBL2011538,P37231,4.648317337036133
CHEMBL1353227,P22736,4.610775470733643
CHEMBL1506123,P22736,5.1301398277282715
CHEMBL373685,P37231,7.147950649261475
CHEMBL266473,P10275,8.879076957702637
CHEMBL4067818,P11474,6.646576404571533
CHEMBL3109227,P51450,6.458632946014404
CHEMBL2012766,Q13133,5.677708148956299
CHEMBL388831,P10275,7.171955585479736
CHEMBL1087253,P11473,4.310634136199951
CHEMBL1929029,P08235,6.389088153839111
CHEMBL3263240,Q96RI1,4.563019275665283
CHEMBL186513,Q92731,8.217945098876953
CHEMBL40738,P10828,8.65029525756836
CHEMBL3823564,Q96RI1,6.879847049713135
CHEMBL402713,P10827,5.8185296058654785
CHEMBL2070361,P55055,4.91652250289917
CHEMBL190169,P37231,6.460671901702881
CHEMBL1378869,Q92731,4.884024620056152
CHEMBL197522,P55055,6.409344673156738
CHEMBL85881,P03372,8.288875579833984
CHEMBL3598047,P35398,5.89384651184082
CHEMBL2178798,P03372,6.816409111022949
CHEMBL219156,Q07869,5.892404556274414
CHEMBL211493,P03372,6.199413776397705
CHEMBL192325,Q92731,6.949378967285156
CHEMBL370809,Q07869,5.521599769592285
CHEMBL2325057,P11473,4.464048862457275
CHEMBL185126,P03372,7.364978313446045
CHEMBL427040,Q03181,7.24354887008667
CHEMBL369607,Q03181,7.503941059112549
CHEMBL2381214,P20393,6.587503910064697
CHEMBL378990,P03372,5.872532844543457
CHEMBL190517,Q07869,6.7557501792907715
CHEMBL374234,Q03181,5.60429048538208
CHEMBL192765,P03372,7.502470970153809
CHEMBL4224880,Q92731,6.775831699371338
CHEMBL3398460,Q07869,5.745528221130371
CHEMBL1083188,Q92731,6.8350396156311035
CHEMBL267231,P06401,6.432841777801514
CHEMBL264746,P19793,7.236810207366943
CHEMBL3900429,P51449,7.668092727661133
CHEMBL169046,Q13133,6.9383416175842285
CHEMBL144045,P06401,5.78198766708374
CHEMBL2386285,Q92731,7.3336663246154785
CHEMBL2181933,P08235,7.769211769104004
CHEMBL3398443,Q07869,5.677597522735596
CHEMBL391548,P06401,6.100584983825684
CHEMBL2112892,P03372,6.278583526611328
CHEMBL4101577,Q03181,5.850614547729492
CHEMBL549418,Q13133,4.238786220550537
CHEMBL519450,P10275,6.164498805999756
CHEMBL576472,P04150,7.345055103302002
CHEMBL3898358,P06401,6.000147342681885
CHEMBL194192,Q13133,6.363729000091553
CHEMBL1075723,Q03181,8.189273834228516
CHEMBL3234620,P03372,7.638047218322754
CHEMBL192508,P10827,5.338974475860596
CHEMBL364746,Q96RI1,6.892724514007568
CHEMBL3578284,P04150,5.65765905380249
CHEMBL238961,P03372,7.25750207901001
CHEMBL183173,P10275,7.32080602645874
CHEMBL2035877,P10827,6.202508926391602
CHEMBL575687,P37231,6.026086807250977
CHEMBL3962245,P51449,6.165726184844971
CHEMBL470152,P04150,7.828155040740967
CHEMBL392925,P10828,8.019065856933594
CHEMBL220072,P03372,7.0657148361206055
CHEMBL359377,P37231,5.956244945526123
CHEMBL431698,Q92731,6.399927616119385
CHEMBL4162851,P19091,6.169129371643066
CHEMBL32812,P06401,8.335926055908203
CHEMBL94749,P04150,7.522043228149414
CHEMBL135236,Q92731,8.491430282592773
CHEMBL3315064,P04150,8.327073097229004
CHEMBL3937005,P04150,6.580716133117676
CHEMBL217156,O00482,7.04033899307251
CHEMBL3094417,P37231,4.720158576965332
CHEMBL393767,Q07869,6.453444004058838
CHEMBL4105108,Q96RI1,6.484046459197998
CHEMBL550035,Q13133,4.67613410949707
CHEMBL3421892,P04150,8.292778968811035
CHEMBL421773,P10826,6.591479778289795
CHEMBL3804846,P06401,8.516691207885742
CHEMBL4076701,Q96RI1,6.016241550445557
CHEMBL2377521,P37231,6.933549404144287
CHEMBL1784260,P03372,6.166439533233643
CHEMBL3581533,Q96RI1,5.63239049911499
CHEMBL2419308,P06401,5.441141605377197
CHEMBL450940,P03372,5.919281005859375
CHEMBL2332584,P03372,5.443603038787842
CHEMBL202007,P10275,6.8221516609191895
CHEMBL1092235,P37231,4.803135871887207
CHEMBL83,Q690N0,5.691214561462402
CHEMBL3818882,P10275,8.539761543273926
CHEMBL118339,P10828,6.7100396156311035
CHEMBL3109228,P51449,8.334868431091309
CHEMBL125059,P15207,8.321545600891113
CHEMBL1760272,Q07869,4.945577144622803
CHEMBL188528,P19785,6.487929821014404
CHEMBL427568,P10828,5.2128496170043945
CHEMBL360368,Q07869,5.7512383460998535
CHEMBL4281062,P48443,6.6923017501831055
CHEMBL497203,Q03181,5.85161018371582
CHEMBL3695898,P37231,7.671023845672607
CHEMBL443847,P06401,6.6424384117126465
CHEMBL2419296,P08235,7.541382312774658
CHEMBL51669,P10275,5.984411239624023
CHEMBL3956621,P06401,6.432322025299072
CHEMBL3962399,P51449,6.679437160491943
CHEMBL187673,P06211,6.092543601989746
CHEMBL1391547,P03372,5.468910217285156
CHEMBL3581545,P51449,7.136748790740967
CHEMBL3814153,Q13133,7.65554141998291
CHEMBL106896,P28704,8.170402526855469
CHEMBL1910408,P15207,7.6458001136779785
CHEMBL3941698,P10275,6.319110870361328
CHEMBL4170402,Q96RI1,3.8200995922088623
CHEMBL1091939,Q92753,4.637094974517822
CHEMBL2419306,P04150,6.085397720336914
CHEMBL2070364,P55055,5.410628795623779
CHEMBL363554,P15207,4.977011203765869
CHEMBL233177,Q03181,7.367413520812988
CHEMBL4066573,P06401,6.909013748168945
CHEMBL477312,Q03181,6.4630937576293945
CHEMBL1075704,Q03181,6.54670524597168
CHEMBL1507981,Q92731,4.943479061126709
CHEMBL216778,Q13285,6.877692222595215
CHEMBL1163598,P06401,7.5023088455200195
CHEMBL2037311,Q96RI1,5.6973185539245605
CHEMBL135180,Q92731,7.394343852996826
CHEMBL187978,P03372,5.4533162117004395
CHEMBL1566266,P03372,4.462626934051514
CHEMBL4217636,P55055,5.910834312438965
CHEMBL203350,P04150,5.9880194664001465
CHEMBL3598140,P37231,5.852468967437744
CHEMBL4161695,P03372,9.621769905090332
CHEMBL4214020,P51449,7.046602249145508
CHEMBL508733,P37231,5.914625644683838
CHEMBL4285485,P51450,5.65684175491333
CHEMBL225996,Q13133,6.88248348236084
CHEMBL1335170,Q92731,5.2503252029418945
CHEMBL3967587,P15207,7.392396450042725
CHEMBL3585572,P37231,8.108817100524902
CHEMBL593473,Q13133,9.256661415100098
CHEMBL247604,P04150,6.93839168548584
CHEMBL4126317,Q92753,5.116632461547852
CHEMBL387484,Q13133,8.217313766479492
CHEMBL349018,P10826,7.874891757965088
CHEMBL1760410,Q03181,5.925350666046143
CHEMBL4218423,P51449,7.741539478302002
CHEMBL146217,P37231,8.075207710266113
CHEMBL213621,P04150,7.615037441253662
CHEMBL3957342,P10826,7.9290571212768555
CHEMBL3398424,Q07869,5.881735324859619
CHEMBL23670,Q07869,7.19492769241333
CHEMBL197100,P08235,5.852644920349121
CHEMBL397920,P10275,6.5359015464782715
CHEMBL3971739,P06401,6.38632345199585
CHEMBL3623100,Q13133,4.962844371795654
CHEMBL118268,P18911,5.940718650817871
CHEMBL140336,P04150,7.554190158843994
CHEMBL62135,Q13133,6.082065582275391
CHEMBL3695780,P37231,7.71956729888916
CHEMBL156997,P10276,7.152273178100586
CHEMBL560489,P06401,7.285874366760254
CHEMBL3889601,P55055,7.5749125480651855
CHEMBL3814000,Q13133,5.254539489746094
CHEMBL402063,P08235,5.101349353790283
CHEMBL367350,Q92731,7.965452671051025
CHEMBL3706902,P10275,6.975282192230225
CHEMBL1210150,P10275,7.507593154907227
CHEMBL363425,P03372,6.804131507873535
CHEMBL89241,P28702,6.611721992492676
CHEMBL506844,P04150,7.320522785186768
CHEMBL285705,P10275,5.53522253036499
CHEMBL392925,P10827,6.539627552032471
CHEMBL48352,P03372,7.567816734313965
CHEMBL270311,Q96RI1,5.053143501281738
CHEMBL362914,P06537,7.479894161224365
CHEMBL495020,P55055,6.388659954071045
CHEMBL201880,Q03181,6.011414527893066
CHEMBL501440,P37231,5.847618579864502
CHEMBL3956415,P37231,5.2656378746032715
CHEMBL495904,P37231,5.613847732543945
CHEMBL4293810,Q92731,7.267625331878662
CHEMBL138544,Q92731,7.819123268127441
CHEMBL3699385,P37231,7.989786624908447
CHEMBL365750,P55055,6.3867387771606445
CHEMBL2326411,P51449,5.638637065887451
CHEMBL590351,P55055,7.440385818481445
CHEMBL2037588,Q03181,8.883837699890137
CHEMBL204222,P03372,5.811063766479492
CHEMBL3360960,Q13133,8.883391380310059
CHEMBL3946787,P51449,7.5535688400268555
CHEMBL600466,P06401,7.38218355178833
CHEMBL1367590,P03372,5.529617786407471
CHEMBL3115243,P37231,5.861942291259766
CHEMBL48858,P06401,6.0167341232299805
CHEMBL558267,Q96RI1,6.2429022789001465
CHEMBL28,Q92731,7.507317543029785
CHEMBL2147553,P04150,8.452239990234375
CHEMBL4242324,P37231,5.2413177490234375
CHEMBL4128926,P51449,8.644102096557617
CHEMBL4101232,P10275,8.418469429016113
CHEMBL4202476,P11473,4.283212184906006
CHEMBL3926261,P51449,6.984188079833984
CHEMBL314384,P06186,6.745500087738037
CHEMBL132033,P10826,7.8947224617004395
CHEMBL311662,P04150,8.048073768615723
CHEMBL1328586,Q92731,5.469620704650879
CHEMBL472238,P13631,5.628081798553467
CHEMBL488558,P06401,7.497028350830078
CHEMBL156641,P10275,7.062808990478516
CHEMBL550538,P06401,6.987661361694336
CHEMBL519857,Q07869,5.865135669708252
CHEMBL482823,Q07869,5.4406561851501465
CHEMBL2011540,P37231,4.400687217712402
CHEMBL1580036,P03372,4.933614253997803
CHEMBL1389986,Q92731,5.727615833282471
CHEMBL3939711,P51449,5.902874946594238
CHEMBL190238,Q92731,6.959228515625
CHEMBL4127282,P51449,8.042071342468262
CHEMBL3823637,Q96RI1,6.295458793640137
CHEMBL84681,P13631,6.699708461761475
CHEMBL1765175,P06401,5.445549964904785
CHEMBL398171,P04150,7.694052696228027
CHEMBL3695779,P37231,8.105237007141113
CHEMBL4068424,P37231,4.966655254364014
CHEMBL187207,P06211,6.743702411651611
CHEMBL484063,Q07869,5.868201732635498
CHEMBL491750,Q07869,6.130965232849121
CHEMBL3263246,P37231,5.000496864318848
CHEMBL238147,P04150,7.9151082038879395
CHEMBL204118,Q92731,7.39650297164917
CHEMBL386806,P04150,8.461785316467285
CHEMBL109638,P37231,5.423666954040527
CHEMBL3586192,P03372,7.783004283905029
CHEMBL191300,P03372,7.37861967086792
CHEMBL180253,Q92731,7.580988883972168
CHEMBL306764,O75469,6.352869033813477
CHEMBL3699367,P37231,7.859651565551758
CHEMBL3905734,Q92731,5.963233470916748
CHEMBL530109,P06401,7.6163763999938965
CHEMBL3957890,P08235,5.946897506713867
CHEMBL3736374,P37231,7.550583362579346
CHEMBL462234,P10275,7.18015718460083
CHEMBL180019,Q07869,6.746216297149658
CHEMBL4292862,P51449,6.9221954345703125
CHEMBL462663,P10275,7.624264717102051
CHEMBL206702,Q92731,5.572986602783203
CHEMBL2312272,P10827,6.384732723236084
CHEMBL2332594,Q92731,5.653105735778809
CHEMBL3657149,P03372,8.233242988586426
CHEMBL494073,P55055,7.047582149505615
CHEMBL2112993,Q03181,5.4603376388549805
CHEMBL482593,P23204,5.107986927032471
CHEMBL204024,Q92731,7.74505090713501
CHEMBL1096975,Q92731,6.747382640838623
CHEMBL227440,P06401,6.757924556732178
CHEMBL41890,P28704,5.5354838371276855
CHEMBL424874,P06401,6.262988567352295
CHEMBL3657172,P03372,7.531571865081787
CHEMBL3314004,P51449,6.371645450592041
CHEMBL4225424,Q92753,6.626034736633301
CHEMBL416898,P15207,5.123018741607666
CHEMBL2426156,P04150,7.165735721588135
CHEMBL3590263,P55055,5.730086803436279
CHEMBL2407681,P08235,6.321352958679199
CHEMBL3335650,Q96RI1,5.942551136016846
CHEMBL1270644,P19091,5.1293487548828125
CHEMBL190104,Q92731,7.211406230926514
CHEMBL568893,P06401,6.418920516967773
CHEMBL182883,P06401,7.418736934661865
CHEMBL3640843,P15207,7.077102184295654
CHEMBL504110,P10275,6.648635387420654
CHEMBL251456,P10827,8.046870231628418
CHEMBL1765175,P35398,5.052663326263428
CHEMBL391874,P04150,7.6706767082214355
CHEMBL2403357,P03372,7.152467250823975
CHEMBL4099639,P04150,8.532086372375488
CHEMBL4073869,P10275,7.840884685516357
CHEMBL188792,Q92731,6.535747528076172
CHEMBL64972,P37231,5.909826278686523
CHEMBL590593,P06401,7.145455837249756
CHEMBL375918,P10275,7.7240681648254395
CHEMBL222580,P03372,6.501630783081055
CHEMBL173386,Q03181,6.065790176391602
CHEMBL379821,P03372,6.925869941711426
CHEMBL374638,P15207,6.139936923980713
CHEMBL130232,P10826,5.905235767364502
CHEMBL3706874,P10275,7.424813747406006
CHEMBL87928,Q03181,6.012971878051758
CHEMBL308377,P48443,8.537943840026855
CHEMBL524104,P03372,5.9980340003967285
CHEMBL3398451,Q07869,5.865246295928955
CHEMBL281791,Q07869,7.4494757652282715
CHEMBL228492,P37231,5.743265628814697
CHEMBL370236,P10275,5.335957050323486
CHEMBL482064,P10275,6.556653022766113
CHEMBL1649687,P04150,5.479947090148926
CHEMBL314154,P06186,6.622564792633057
CHEMBL197548,P10275,5.231435775756836
CHEMBL1200474,Q92731,5.887901782989502
CHEMBL1818254,P03372,5.912862300872803
CHEMBL284937,P10826,6.438379287719727
CHEMBL1584730,Q92731,4.828090190887451
CHEMBL118939,Q03181,6.856805324554443
CHEMBL1097159,Q13133,8.1987886428833
CHEMBL1461254,P22736,5.3396782875061035
CHEMBL208213,P28702,6.440613746643066
CHEMBL1469900,P22736,5.044076919555664
CHEMBL411185,P10275,7.2649245262146
CHEMBL393938,Q03181,8.44543743133545
CHEMBL560510,P10828,4.821255683898926
CHEMBL3896395,P51449,7.535195350646973
CHEMBL594176,P55055,8.616904258728027
CHEMBL436628,P19793,5.8394246101379395
CHEMBL4110454,P51449,7.6938157081604
CHEMBL206440,Q92731,6.918641090393066
CHEMBL3640855,P15207,8.583473205566406
CHEMBL455432,P55055,5.874190807342529
CHEMBL150593,Q92731,6.185906410217285
CHEMBL27413,P10275,7.4259748458862305
CHEMBL372808,P03372,8.196051597595215
CHEMBL264385,Q07869,7.322858810424805
CHEMBL219134,P03372,6.429815769195557
CHEMBL1744065,P15207,7.134774684906006
CHEMBL4247363,P03372,6.636476039886475
CHEMBL1957607,P10275,6.5517964363098145
CHEMBL3261414,P04150,8.90182113647461
CHEMBL435512,Q07869,5.5882568359375
CHEMBL246834,P04150,6.91265344619751
CHEMBL1270546,P11473,5.28352165222168
CHEMBL431807,P06401,9.284770965576172
CHEMBL393373,Q07869,7.007176876068115
CHEMBL3939447,P08235,6.574462890625
CHEMBL3747184,P11473,7.085467338562012
CHEMBL4204610,P62508,6.209166049957275
CHEMBL1578546,P22736,4.945007801055908
CHEMBL1801006,P06401,6.966705799102783
CHEMBL78567,P03372,6.165738582611084
CHEMBL131,P06401,6.013973236083984
CHEMBL4077285,Q96RI1,6.939512729644775
CHEMBL191275,P37231,4.7359113693237305
CHEMBL1089969,Q07869,6.286054611206055
CHEMBL3775016,P03372,9.293603897094727
CHEMBL144345,P06401,5.949112415313721
CHEMBL92430,P19793,8.179203987121582
CHEMBL206278,P04150,6.6666259765625
CHEMBL327409,P06401,6.743049144744873
CHEMBL4086416,P08235,8.027853012084961
CHEMBL403219,P10275,7.008549213409424
CHEMBL7781,P04150,8.062875747680664
CHEMBL3234857,P08235,6.682300090789795
CHEMBL3317840,Q92753,5.457670211791992
CHEMBL300629,P37231,5.641404628753662
CHEMBL595440,P37231,5.044024467468262
CHEMBL2159565,P10275,5.84389066696167
CHEMBL3590271,P55055,5.360105514526367
CHEMBL98565,P06211,6.316915512084961
CHEMBL130231,P28702,7.671960353851318
CHEMBL1163481,P10275,7.916025638580322
CHEMBL3774648,P51450,6.032287120819092
CHEMBL254539,P55055,8.765471458435059
CHEMBL236863,P10827,7.0262908935546875
CHEMBL2037584,Q03181,8.034229278564453
CHEMBL36718,P10826,5.9803786277771
CHEMBL214948,P55055,6.786491394042969
CHEMBL1934486,Q07869,7.526780605316162
CHEMBL561649,P10828,5.883608341217041
CHEMBL1388431,P03372,4.842119216918945
CHEMBL3342786,P55055,6.280753135681152
CHEMBL2419303,P06401,5.945802688598633
CHEMBL393489,P10827,7.562103271484375
CHEMBL150721,P03372,6.769648551940918
CHEMBL1929039,P06401,6.372499942779541
CHEMBL1343453,Q92731,5.337477207183838
CHEMBL3318056,P10275,5.957733631134033
CHEMBL200207,Q07869,6.703104019165039
CHEMBL1510817,P22736,4.603890895843506
CHEMBL191423,P04150,7.945526599884033
CHEMBL360189,Q92731,7.825924396514893
CHEMBL3959354,P51449,6.810900688171387
CHEMBL3947101,P51449,7.089271068572998
CHEMBL342051,P13631,7.391010284423828
CHEMBL198204,Q92731,6.592592239379883
CHEMBL272137,P37231,7.445346355438232
CHEMBL378883,Q92731,7.555760383605957
CHEMBL4285849,P37231,5.974308967590332
CHEMBL3261420,P04150,7.375324726104736
CHEMBL158781,Q13133,6.36733341217041
CHEMBL426592,Q07869,7.1108012199401855
CHEMBL3921163,P51449,6.1689252853393555
CHEMBL206499,Q92731,5.6590962409973145
CHEMBL3264636,Q96RI1,5.325594425201416
CHEMBL334428,P10276,5.859925270080566
CHEMBL133176,Q499N1,6.517298698425293
CHEMBL4081430,P04150,6.0354719161987305
CHEMBL3617297,Q13133,5.2808661460876465
CHEMBL488991,P37231,7.525504112243652
CHEMBL316292,P03372,6.587111473083496
CHEMBL1426715,P37231,5.64800500869751
CHEMBL1981657,P22736,4.842142581939697
CHEMBL410399,P19793,7.17307186126709
CHEMBL3940963,P51449,6.750809669494629
CHEMBL583629,P04150,8.099467277526855
CHEMBL3264643,Q96RI1,5.517377853393555
CHEMBL328716,P03372,8.58576774597168
CHEMBL3904658,P37231,6.7684550285339355
CHEMBL4127587,P51449,7.983675479888916
CHEMBL1760414,Q03181,6.724024772644043
CHEMBL1911655,P06401,6.984036922454834
CHEMBL394392,P10275,6.2470173835754395
CHEMBL430505,P37231,6.200140476226807
CHEMBL3609401,P51449,7.327971935272217
CHEMBL202236,P37231,7.649407386779785
CHEMBL4293480,Q92731,5.9272637367248535
CHEMBL3335653,Q03181,6.038549900054932
CHEMBL1573735,P03372,4.9610443115234375
CHEMBL3597505,P03372,6.432991981506348
CHEMBL237601,P10827,4.698968410491943
CHEMBL3132985,P10275,5.542343616485596
CHEMBL4071073,P62509,6.09857177734375
CHEMBL3815014,P55055,6.899017810821533
CHEMBL434343,P15207,7.6063432693481445
CHEMBL1253818,P04150,7.869534492492676
CHEMBL1738937,P10275,4.54939079284668
CHEMBL474576,P04150,7.423750877380371
CHEMBL4225808,P35398,5.655681610107422
CHEMBL3775828,P51449,6.543488502502441
CHEMBL93518,P48443,7.767335891723633
CHEMBL377295,P03372,4.426850318908691
CHEMBL457036,P04150,8.143186569213867
CHEMBL1911651,P04150,6.5111403465271
CHEMBL57875,P03372,6.355029582977295
CHEMBL2419305,P04150,5.5443806648254395
CHEMBL188412,P11474,5.620240211486816
CHEMBL565198,P37231,7.1160407066345215
CHEMBL253311,Q13133,7.772132396697998
CHEMBL403418,Q13133,7.902177810668945
CHEMBL574354,P06401,7.2805705070495605
CHEMBL85482,P06186,7.275989055633545
CHEMBL4095450,P22199,7.140320301055908
CHEMBL3238285,P10275,7.350976943969727
CHEMBL369545,P03372,9.13570499420166
CHEMBL2159544,P10275,5.493539333343506
CHEMBL3895104,Q03181,6.334384441375732
CHEMBL30769,P03372,5.600890636444092
CHEMBL1081391,Q03181,6.257038593292236
CHEMBL124088,P15207,7.564978122711182
CHEMBL330998,P19793,6.506589412689209
CHEMBL489507,P37231,6.405937671661377
CHEMBL1499638,Q92731,5.796329498291016
CHEMBL3902219,P06401,6.072352886199951
CHEMBL3335624,Q07869,4.830041408538818
CHEMBL3109232,P51449,7.930004119873047
CHEMBL231802,P04150,5.613031387329102
CHEMBL471876,P10275,6.131282329559326
CHEMBL3931949,P51449,6.785297870635986
CHEMBL96184,P13631,7.699737071990967
CHEMBL573591,P55055,7.3385396003723145
CHEMBL2035064,Q03181,7.6741204261779785
CHEMBL166323,P10275,6.973790645599365
CHEMBL4095891,P37231,6.797150611877441
CHEMBL4281062,P19793,5.953352928161621
CHEMBL1465490,Q92731,6.053002834320068
CHEMBL3915572,P51449,6.564616680145264
CHEMBL4089197,P08235,6.756995677947998
CHEMBL179604,P37231,7.279935359954834
CHEMBL4169596,Q96RI1,7.298599720001221
CHEMBL220846,Q28037,9.990983009338379
CHEMBL234799,P37231,5.279675006866455
CHEMBL1095228,P04150,6.4928107261657715
CHEMBL3699400,P37231,7.780344009399414
CHEMBL370259,P04150,6.675503730773926
CHEMBL182610,P04150,7.291255474090576
CHEMBL114286,Q07869,5.592427730560303
CHEMBL39174,P10828,9.41513442993164
CHEMBL1325233,P22736,4.711513042449951
CHEMBL3598047,P51450,6.688473701477051
CHEMBL1323907,P22736,4.236177444458008
CHEMBL419166,P10276,6.113300323486328
CHEMBL236496,P03372,5.563713550567627
CHEMBL551885,P06401,8.073607444763184
CHEMBL519721,P10828,7.89727258682251
CHEMBL565,Q07869,5.139639377593994
CHEMBL593267,Q13133,5.7458906173706055
CHEMBL3953200,P51449,7.491841793060303
CHEMBL58504,Q92731,6.249323844909668
CHEMBL3605084,P51449,6.67099142074585
CHEMBL3967604,P51449,7.099564075469971
CHEMBL2312717,P37231,6.158868789672852
CHEMBL3692346,P06401,7.477331638336182
CHEMBL1940554,P04150,7.204806804656982
CHEMBL210973,P55055,6.511580944061279
CHEMBL3939317,P51449,5.950904369354248
CHEMBL410683,O75469,8.175190925598145
CHEMBL3954988,P51449,8.397845268249512
CHEMBL320925,P37231,5.739710807800293
CHEMBL3427395,P03372,6.8086442947387695
CHEMBL3763612,Q14994,5.168301105499268
CHEMBL241471,P37231,6.308347702026367
CHEMBL3765583,P03372,7.11449670791626
CHEMBL192386,Q92731,8.321924209594727
CHEMBL3234612,P03372,8.681041717529297
CHEMBL57875,Q92731,6.40648889541626
CHEMBL1082837,P04150,6.931674003601074
CHEMBL23296,P37231,6.63642692565918
CHEMBL86657,P37231,5.141181945800781
CHEMBL2322288,P19793,4.739019870758057
CHEMBL1097284,P03372,6.616705894470215
CHEMBL3335623,Q96RI1,5.294545650482178
CHEMBL381697,P03372,6.39085054397583
CHEMBL1080108,Q03181,7.604678630828857
CHEMBL4093329,P04150,5.99111795425415
CHEMBL3968559,P03372,6.133913040161133
CHEMBL389481,P06401,6.670385837554932
CHEMBL4243271,O75469,5.188080787658691
CHEMBL1760420,P37231,5.522488117218018
CHEMBL1086652,P03372,7.30861759185791
CHEMBL135,P15207,5.608497142791748
CHEMBL358938,Q92731,6.922708988189697
CHEMBL200021,Q92731,8.574060440063477
CHEMBL288436,Q5BJR8,7.936515808105469
CHEMBL1426255,P03372,4.9823384284973145
CHEMBL3984292,P51449,6.69081974029541
CHEMBL1917255,P04150,7.452261924743652
CHEMBL3598150,P51449,7.395048141479492
CHEMBL1116,Q92731,8.25302505493164
CHEMBL3578298,P08235,6.276952743530273
CHEMBL192068,Q92731,8.054462432861328
CHEMBL3596632,P51449,6.207579612731934
CHEMBL364748,Q07869,5.828104019165039
CHEMBL4091572,P11473,5.965404987335205
CHEMBL188792,P03372,5.772542476654053
CHEMBL3109601,P03372,5.617321014404297
CHEMBL3814297,P55055,5.427774906158447
CHEMBL227440,P10275,8.066536903381348
CHEMBL3925502,P51449,6.91281795501709
CHEMBL323773,P37231,6.094301700592041
CHEMBL503687,P10275,7.062362194061279
CHEMBL4228617,P03372,7.430821895599365
CHEMBL3093442,P04150,6.674775123596191
CHEMBL1406018,Q92731,5.237423419952393
CHEMBL2314997,P04150,6.9074554443359375
CHEMBL3397561,P37231,5.0409135818481445
CHEMBL4066683,P03372,6.772207736968994
CHEMBL64222,P19793,7.2907023429870605
CHEMBL188049,P03372,6.122729778289795
CHEMBL364932,Q96RI1,6.500234127044678
CHEMBL1163620,P06401,6.700377941131592
CHEMBL3824337,Q96RI1,6.804925918579102
CHEMBL1329686,P03372,4.794602394104004
CHEMBL44,P15207,6.581723213195801
CHEMBL3596623,P51449,6.317412853240967
CHEMBL3657178,P03372,6.833894729614258
CHEMBL416869,P04150,5.887777328491211
CHEMBL134140,P10275,6.713212966918945
CHEMBL3947365,P51449,7.016740322113037
CHEMBL101382,Q92731,6.733453750610352
CHEMBL1254264,P04150,7.315214157104492
CHEMBL65458,Q07869,6.670322895050049
CHEMBL106817,P19793,6.27501106262207
CHEMBL2070347,P55055,6.093768119812012
CHEMBL2178796,P03372,5.968271732330322
CHEMBL361362,Q03181,4.707268238067627
CHEMBL1596554,P03372,5.5486884117126465
CHEMBL4283229,Q92731,6.834390163421631
CHEMBL137103,P04150,6.118555545806885
CHEMBL37672,P10826,6.343466281890869
CHEMBL336086,Q5BJR8,7.956142902374268
CHEMBL3944607,P51449,7.269807815551758
CHEMBL3598052,P51450,6.43918514251709
CHEMBL111480,P37231,5.437265872955322
CHEMBL1165799,P10275,7.0890655517578125
CHEMBL3822798,Q96RI1,7.366581916809082
CHEMBL3966332,P51449,6.287222385406494
CHEMBL593801,Q07869,6.411229610443115
CHEMBL71584,Q92731,6.725067138671875
CHEMBL381876,P37231,5.419622421264648
CHEMBL3263753,P08235,8.503480911254883
CHEMBL4248276,Q07869,5.6801438331604
CHEMBL4061510,P10275,7.275157451629639
CHEMBL3699424,P37231,7.116904258728027
CHEMBL4175025,P03372,8.78931713104248
CHEMBL2037585,Q03181,8.571187019348145
CHEMBL2386485,Q96RI1,4.778730392456055
CHEMBL564479,P06401,7.228898525238037
CHEMBL4109641,P51449,6.589802265167236
CHEMBL1433062,Q92731,5.58832311630249
CHEMBL383533,P03372,7.035519123077393
CHEMBL3699430,P37231,7.1741719245910645
CHEMBL3421874,P04150,7.7768049240112305
CHEMBL359633,Q92731,8.047834396362305
CHEMBL1928874,P08235,6.563518047332764
CHEMBL4176693,P11473,8.170551300048828
CHEMBL289277,Q92731,5.854252815246582
CHEMBL3758919,Q07869,5.357377529144287
CHEMBL1911544,P08235,5.940882682800293
CHEMBL3360846,P03372,6.254780292510986
CHEMBL3933276,P51449,6.90610408782959
CHEMBL3929427,P06401,6.512906551361084
CHEMBL1627353,P03372,6.986413478851318
CHEMBL3410854,P10275,5.981237411499023
CHEMBL4176232,P03372,5.009539604187012
CHEMBL2312134,P51449,6.267125129699707
CHEMBL430894,P37231,6.437347888946533
CHEMBL4225087,P51449,7.833946228027344
CHEMBL549418,P55055,4.451577663421631
CHEMBL1956365,Q07869,6.132904052734375
CHEMBL2181928,P22199,5.376418590545654
CHEMBL94306,P37231,6.646872043609619
CHEMBL3260002,Q92753,5.156163215637207
CHEMBL3263764,P10275,5.358404159545898
CHEMBL3919681,P51449,7.524251461029053
CHEMBL1933845,P37231,7.389913558959961
CHEMBL583858,P06401,6.645162105560303
CHEMBL3774855,P51450,7.047414302825928
CHEMBL371072,P03372,7.2657060623168945
CHEMBL4078107,P37231,6.6829833984375
CHEMBL219016,P04150,7.227476119995117
CHEMBL4173918,P48443,5.102423191070557
CHEMBL421781,P37231,7.1990227699279785
CHEMBL321243,P06401,8.432458877563477
CHEMBL573651,Q13133,6.900503635406494
CHEMBL87307,Q07869,6.0320634841918945
CHEMBL318473,Q62986,6.646285533905029
CHEMBL1410824,P03372,4.94347620010376
CHEMBL4092300,Q92731,5.634117126464844
CHEMBL335242,P19793,7.432266712188721
CHEMBL4077728,P04150,5.116500377655029
CHEMBL277378,P10275,7.022533893585205
CHEMBL337393,P10826,6.386136531829834
CHEMBL2382127,Q92731,5.506259441375732
CHEMBL1090477,P04150,7.295571804046631
CHEMBL402491,P11474,7.348059177398682
CHEMBL3640827,P15207,8.388689994812012
CHEMBL3393179,Q96RI1,5.599985599517822
CHEMBL3647449,P04150,7.053980827331543
CHEMBL315048,P37231,5.565975666046143
CHEMBL2012768,Q13133,5.964828014373779
CHEMBL520370,Q13133,5.813689708709717
CHEMBL383986,P37231,7.635970592498779
CHEMBL3589973,Q96RI1,5.600225448608398
CHEMBL310180,P04150,6.982239246368408
CHEMBL3398444,P37231,6.382449150085449
CHEMBL25337,P19793,6.847433567047119
CHEMBL146133,P37231,6.804771423339844
CHEMBL4243662,Q03181,7.286622047424316
CHEMBL2031860,P37231,5.571251392364502
CHEMBL132868,P03372,7.622732162475586
CHEMBL1800979,P04150,6.69694185256958
CHEMBL65074,P04150,6.400869369506836
CHEMBL396480,P37231,6.710729598999023
CHEMBL1668084,P04150,7.641495704650879
CHEMBL1083178,Q92731,8.118388175964355
CHEMBL1088485,Q92731,7.60418176651001
CHEMBL4214210,Q13133,5.15120792388916
CHEMBL235385,P10827,6.4415812492370605
CHEMBL564902,Q07869,5.962892532348633
CHEMBL1668246,Q96RI1,7.2725510597229
CHEMBL33625,Q92731,6.220918655395508
CHEMBL1934485,Q03181,4.599106311798096
CHEMBL519560,P06401,7.169943809509277
CHEMBL204902,Q92731,7.5469465255737305
CHEMBL391085,Q03181,6.983415603637695
CHEMBL377644,Q92731,9.258918762207031
CHEMBL361226,Q92731,7.56012487411499
CHEMBL3397558,Q07869,5.3942551612854
CHEMBL3673669,P55055,6.132796764373779
CHEMBL3609394,P51449,7.466187477111816
CHEMBL1682426,P04150,8.30111312866211
CHEMBL3126945,P04150,7.560723781585693
CHEMBL3912299,P51449,6.068115711212158
CHEMBL3894396,P51449,7.7432146072387695
CHEMBL3976442,P37231,6.7427167892456055
CHEMBL1173381,Q03181,4.906357765197754
CHEMBL565728,Q96RI1,8.255708694458008
CHEMBL4173064,P37231,7.141726970672607
CHEMBL266656,P04150,9.510446548461914
CHEMBL378074,P55055,6.776581764221191
CHEMBL214546,Q13133,6.999161243438721
CHEMBL188189,Q92731,8.440338134765625
CHEMBL3588885,Q13133,6.535548210144043
CHEMBL279211,Q07869,8.141983032226562
CHEMBL4088694,Q92731,6.806753635406494
CHEMBL164176,P10826,7.399880409240723
CHEMBL3909089,P15207,7.8019256591796875
CHEMBL4175592,P03372,6.878216743469238
CHEMBL284937,P13631,6.690062522888184
CHEMBL206546,Q92731,7.391166687011719
CHEMBL1328182,P22736,4.970503807067871
CHEMBL118307,P11416,5.429304122924805
CHEMBL153062,P03372,7.125433444976807
CHEMBL3643657,P08235,7.457478046417236
CHEMBL4064926,P03372,7.257555961608887
CHEMBL195208,P03372,6.620302677154541
CHEMBL2337517,P10275,5.172947406768799
CHEMBL107367,Q07869,6.581034183502197
CHEMBL3901107,P51449,6.349549293518066
CHEMBL363630,Q92731,6.924946308135986
CHEMBL4218626,P55055,5.885557651519775
CHEMBL3914776,P51449,7.016654014587402
CHEMBL38508,P35396,7.093858242034912
CHEMBL2113736,P19793,6.206490516662598
CHEMBL220140,P11473,9.943609237670898
CHEMBL2385743,P35398,5.271412372589111
CHEMBL4165140,P11474,5.366237163543701
CHEMBL3617309,P55055,5.431151390075684
CHEMBL4082510,P03372,7.206737518310547
CHEMBL2204435,Q13133,4.526719093322754
CHEMBL212992,P03372,6.491131782531738
CHEMBL3954992,P51449,7.019984245300293
CHEMBL237958,P10828,8.957297325134277
CHEMBL1672548,P04150,6.872476100921631
CHEMBL3982975,P04150,9.052507400512695
CHEMBL3421879,P04150,8.310904502868652
CHEMBL552492,P06401,7.420240879058838
CHEMBL516657,Q13133,5.4723005294799805
CHEMBL3427412,P03372,5.792346000671387
CHEMBL3238292,P10275,7.137827396392822
CHEMBL4065761,P03372,7.308130264282227
CHEMBL2204685,Q07869,5.088592529296875
CHEMBL377295,Q92731,5.86702823638916
CHEMBL390116,Q03181,6.166011810302734
CHEMBL1075894,Q07869,6.611519813537598
CHEMBL385489,P55055,6.056097507476807
CHEMBL4085241,P10275,5.447988033294678
CHEMBL207324,P03372,7.843634128570557
CHEMBL7177,P10275,8.245699882507324
CHEMBL1098850,P55055,7.469111442565918
CHEMBL503957,P04150,6.347301483154297
CHEMBL4086436,P04150,6.043919086456299
CHEMBL1085110,P04150,5.986486911773682
CHEMBL318409,P08235,6.393130302429199
CHEMBL4072074,Q96RI1,4.157832145690918
CHEMBL2070449,P55055,5.844377040863037
CHEMBL263029,Q03181,7.751049041748047
CHEMBL383011,Q03181,6.4947710037231445
CHEMBL2386399,P10275,5.673175811767578
CHEMBL551344,Q96RI1,6.655611515045166
CHEMBL2326410,P51449,5.771795272827148
CHEMBL337719,Q5BJR8,8.35273265838623
CHEMBL182593,P10275,6.3214640617370605
CHEMBL192490,P10828,5.470826625823975
CHEMBL263638,P13053,8.067593574523926
CHEMBL447190,Q07869,7.404052734375
CHEMBL1089500,Q07869,7.183454513549805
CHEMBL2048021,P37231,5.524709224700928
CHEMBL396200,P19793,6.119833946228027
CHEMBL4289024,Q92731,6.54691219329834
CHEMBL595,P37238,5.9592413902282715
CHEMBL594050,P55055,6.6593098640441895
CHEMBL316132,P03372,8.160819053649902
CHEMBL3361049,P51449,7.147356986999512
CHEMBL3264936,P04150,5.704679012298584
CHEMBL3360190,Q07869,6.025834083557129
CHEMBL228767,P06401,5.826313018798828
CHEMBL4169918,P03372,9.33098030090332
CHEMBL365290,P03372,7.892416954040527
CHEMBL1911271,P04150,7.406643390655518
CHEMBL3667040,P04150,5.414524555206299
CHEMBL3706893,P10275,6.812496185302734
CHEMBL356350,P37231,6.253686904907227
CHEMBL381299,P03372,5.814494609832764
CHEMBL3764615,P03372,8.28889274597168
CHEMBL493702,P03372,5.419060230255127
CHEMBL4094234,Q96RI1,6.992276191711426
CHEMBL145929,P37231,5.742605209350586
CHEMBL86658,Q03181,6.564055442810059
CHEMBL2426110,P04150,6.430269718170166
CHEMBL3893153,P10275,6.543694019317627
CHEMBL291034,P28702,7.711815357208252
CHEMBL2398716,O75469,4.9956955909729
CHEMBL3658378,P06401,7.038782119750977
CHEMBL471488,P10828,7.9133148193359375
CHEMBL172490,P37231,7.847335338592529
CHEMBL3933290,P51449,7.4169697761535645
CHEMBL15594,P37231,5.971566677093506
CHEMBL4127761,P37231,5.65377950668335
CHEMBL3598150,P37231,6.252691745758057
CHEMBL3589362,P03372,5.917224884033203
CHEMBL82602,P37231,9.253992080688477
CHEMBL3910072,P10826,5.790216445922852
CHEMBL404183,P04150,9.10971450805664
CHEMBL3234263,P51449,6.038326263427734
CHEMBL1254734,P08235,6.255927085876465
CHEMBL113099,P06401,8.12558364868164
CHEMBL3590269,P55055,5.213990211486816
CHEMBL2070463,P55055,5.25264310836792
CHEMBL3105669,P51450,7.7452921867370605
CHEMBL1210034,P10275,6.390646457672119
CHEMBL2419304,P08235,6.430200099945068
CHEMBL218338,Q03181,6.367487907409668
CHEMBL101308,P28704,5.921335697174072
CHEMBL305760,P13631,6.681549549102783
CHEMBL3589972,Q96RI1,5.704825401306152
CHEMBL3581530,P51449,7.67394495010376
CHEMBL203748,P10275,7.383321285247803
CHEMBL3934500,P51449,6.889407634735107
CHEMBL380106,Q92731,7.087026119232178
CHEMBL2042810,P37231,7.123645305633545
CHEMBL570916,P06401,6.820732593536377
CHEMBL237122,P10275,5.414689064025879
CHEMBL4171536,P51449,7.4309306144714355
CHEMBL4225034,P03372,5.592086315155029
CHEMBL2104753,P37231,5.821921348571777
CHEMBL148327,P10276,6.724773406982422
CHEMBL3695600,P06401,6.20889949798584
CHEMBL1090187,Q07869,7.064062118530273
CHEMBL1801010,P04150,7.202424049377441
CHEMBL3337823,P08235,6.17250919342041
CHEMBL1494360,P22736,5.114568710327148
CHEMBL111217,P19793,7.6622209548950195
CHEMBL1447305,P03372,5.052795886993408
CHEMBL198091,P37231,7.468134880065918
CHEMBL4085241,P04150,7.698402404785156
CHEMBL181368,Q92731,8.011847496032715
CHEMBL2079587,P15207,6.686616897583008
CHEMBL328261,P06401,7.182193756103516
CHEMBL218182,P15207,6.038862705230713
CHEMBL2112471,P03372,6.633202075958252
CHEMBL602670,P37231,7.419503211975098
CHEMBL367311,Q07869,8.658849716186523
CHEMBL399602,P43354,7.484549045562744
CHEMBL561975,P10828,6.116835117340088
CHEMBL2419308,P08235,7.031829833984375
CHEMBL488173,Q13133,5.098083019256592
CHEMBL245041,P19793,5.903434753417969
CHEMBL1642359,Q96RI1,6.329710483551025
CHEMBL3093458,P06401,6.0615620613098145
CHEMBL193377,P15207,4.990541458129883
CHEMBL77609,P03372,6.370284080505371
CHEMBL512291,P13053,8.453932762145996
CHEMBL4083216,P04150,8.511720657348633
CHEMBL419767,P15207,7.713196754455566
CHEMBL27769,P08235,8.070603370666504
CHEMBL336736,P10275,6.477460861206055
CHEMBL3943070,P51449,6.801816940307617
CHEMBL226269,P03372,8.176329612731934
CHEMBL191423,P06401,5.722095966339111
CHEMBL383607,P37231,5.267778396606445
CHEMBL501080,P04150,6.224202632904053
CHEMBL3818976,Q07869,5.318633556365967
CHEMBL520169,P08235,6.1367506980896
CHEMBL3634609,P51449,6.234729290008545
CHEMBL218914,P10275,8.154666900634766
CHEMBL3588883,Q13133,5.328920841217041
CHEMBL4176277,P11473,8.136696815490723
CHEMBL419721,Q96RI1,7.196993350982666
CHEMBL3695614,P06401,7.313736915588379
CHEMBL184202,P03372,8.017351150512695
CHEMBL1087812,Q92731,7.842179775238037
CHEMBL3894387,P51449,7.349220275878906
CHEMBL1082539,P03372,8.148374557495117
CHEMBL4072730,P10275,6.274906635284424
CHEMBL93546,P03372,8.273872375488281
CHEMBL101914,P04150,7.360015392303467
CHEMBL3695901,P37231,8.376063346862793
CHEMBL3398432,Q07869,5.8136887550354
CHEMBL3609363,Q13133,6.116459369659424
CHEMBL193865,Q92731,6.826766014099121
CHEMBL1929040,P08235,7.462621212005615
CHEMBL3827169,P19793,6.2813544273376465
CHEMBL331206,Q07869,6.211321830749512
CHEMBL3582119,P04150,7.0476789474487305
CHEMBL4165227,P19091,6.045090675354004
CHEMBL1940693,P04150,8.258099555969238
CHEMBL3133003,P10275,5.42423677444458
CHEMBL1509057,P22736,4.681101322174072
CHEMBL420249,P19793,8.186321258544922
CHEMBL3923143,P51449,6.397272109985352
CHEMBL190901,P55055,7.036051273345947
CHEMBL2021490,P48281,10.194021224975586
CHEMBL176421,Q07869,7.031605243682861
CHEMBL414442,P37231,7.503536224365234
CHEMBL4206368,Q13133,5.294460296630859
CHEMBL4163456,Q96RI1,6.238075256347656
CHEMBL3699345,P37231,7.049210071563721
CHEMBL1911268,P04150,6.735165119171143
CHEMBL487729,P06401,6.93151330947876
CHEMBL393373,Q03181,7.51993989944458
CHEMBL447102,Q92731,8.888973236083984
CHEMBL4099302,P03372,8.963134765625
CHEMBL1956359,Q07869,5.399952411651611
CHEMBL373095,P03372,7.569939136505127
CHEMBL4067157,P51450,4.975609302520752
CHEMBL371236,Q92731,7.359221458435059
CHEMBL112725,P37231,6.426779270172119
CHEMBL4177154,P37231,6.3197431564331055
CHEMBL1917248,P04150,7.572335243225098
CHEMBL2113106,P37231,5.839661598205566
CHEMBL3578271,Q92731,5.377643585205078
CHEMBL93705,P03372,8.439969062805176
CHEMBL4206651,P51449,6.134678363800049
CHEMBL3578284,P06401,5.890606880187988
CHEMBL4285739,P51449,6.685208320617676
CHEMBL430004,P06401,5.919567584991455
CHEMBL3605933,P06401,6.131464004516602
CHEMBL188410,Q92731,6.578459739685059
CHEMBL186073,Q92731,5.622092247009277
CHEMBL266282,P06536,8.848807334899902
CHEMBL92243,P19793,7.828978061676025
CHEMBL197636,P37231,7.371804237365723
CHEMBL4068985,P37231,5.996069431304932
CHEMBL4278241,P10275,6.070732593536377
CHEMBL134375,P10826,7.244975566864014
CHEMBL464189,Q13133,5.519378662109375
CHEMBL94030,P03372,8.228434562683105
CHEMBL1644756,P06401,7.102015495300293
CHEMBL118307,P28702,5.480175971984863
CHEMBL407848,P06401,8.261971473693848
CHEMBL77609,Q92731,6.79865026473999
CHEMBL222522,P03372,7.09780216217041
CHEMBL4087989,Q92731,6.434257507324219
CHEMBL1088483,Q92731,7.814752101898193
CHEMBL322576,P06401,9.516730308532715
CHEMBL3263712,P51449,5.945701599121094
CHEMBL3263232,P37231,5.266934871673584
CHEMBL2426626,P04150,7.5978779792785645
CHEMBL4095208,O75469,5.0152668952941895
CHEMBL2070847,P11473,4.88760232925415
CHEMBL3967201,P51449,6.661706447601318
CHEMBL3699366,P37231,7.880862712860107
CHEMBL189287,P03372,6.397430419921875
CHEMBL234633,Q92731,7.7131524085998535
CHEMBL1253899,P08235,6.521981239318848
CHEMBL4239777,Q96RI1,5.997142314910889
CHEMBL233660,P04150,5.92733097076416
CHEMBL1934435,P10275,7.614005088806152
CHEMBL3986458,P51449,7.149654388427734
CHEMBL3942524,P51449,7.142372131347656
CHEMBL3765763,Q07869,7.086606979370117
CHEMBL377644,P03372,6.439629077911377
CHEMBL91052,Q92731,6.705376148223877
CHEMBL3403704,P55055,6.019444465637207
CHEMBL257180,Q07869,6.20654821395874
CHEMBL3902725,P51449,7.132549285888672
CHEMBL491237,Q03181,5.31826639175415
CHEMBL3765127,P03372,7.3363938331604
CHEMBL4160661,P37231,6.253541469573975
CHEMBL391457,Q07869,6.410719394683838
CHEMBL568014,Q96RI1,5.839256763458252
CHEMBL564996,P06401,7.014000415802002
CHEMBL3317830,P51449,6.71486234664917
CHEMBL570776,P10828,4.974864482879639
CHEMBL3588962,P10275,6.963006496429443
CHEMBL1210841,P10275,8.209017753601074
CHEMBL3695598,P06401,6.280904293060303
CHEMBL3264991,Q96RI1,4.591619491577148
CHEMBL2153833,Q07869,6.863221168518066
CHEMBL117918,Q07869,6.346118927001953
CHEMBL4286190,P51449,7.838540554046631
CHEMBL489507,Q07869,6.4323577880859375
CHEMBL163067,P18113,8.48970890045166
CHEMBL2111790,P19793,6.726049900054932
CHEMBL105983,P10827,8.139325141906738
CHEMBL35204,P03372,6.2867279052734375
CHEMBL489585,P03372,6.924764633178711
CHEMBL3398458,P37231,5.688802242279053
CHEMBL202738,Q92731,4.972015380859375
CHEMBL2407650,P08235,7.067807674407959
CHEMBL3093448,P04150,7.428842544555664
CHEMBL391909,Q92731,6.453981876373291
CHEMBL3094371,P51449,6.916869640350342
CHEMBL3409958,P03372,6.353013515472412
CHEMBL3699428,P37231,8.23892593383789
CHEMBL318513,P06401,8.388420104980469
CHEMBL434302,P55055,5.831913471221924
CHEMBL4240392,Q96RI1,5.221606254577637
CHEMBL3695596,P10275,6.618656158447266
CHEMBL4086181,P03372,6.898530960083008
CHEMBL3582112,P06401,6.3505167961120605
CHEMBL3814799,Q13133,6.570847034454346
CHEMBL375907,P10275,8.187494277954102
CHEMBL209574,P04150,7.592446804046631
CHEMBL4217811,P51449,7.761584758758545
CHEMBL1085899,P03372,7.812163352966309
CHEMBL3233270,P04150,7.377242565155029
CHEMBL452153,P10275,5.469237327575684
CHEMBL4203290,Q92731,6.711589336395264
CHEMBL1627464,Q92731,7.245460510253906
CHEMBL2035068,Q03181,8.386266708374023
CHEMBL455204,P55055,5.464110374450684
CHEMBL419019,Q07869,6.257336616516113
CHEMBL1537093,P03372,5.55863618850708
CHEMBL2312708,Q07869,7.148982048034668
CHEMBL189039,P03372,6.121754169464111
CHEMBL184431,P03372,8.289979934692383
CHEMBL71585,P03372,8.543362617492676
CHEMBL315989,P06186,6.363373756408691
CHEMBL1760408,P37231,5.535374164581299
CHEMBL4097564,P04150,5.961843967437744
CHEMBL3337828,P08235,6.9779486656188965
CHEMBL202617,P37231,6.25366735458374
CHEMBL134834,P19793,5.8070549964904785
CHEMBL214333,P04150,7.986368656158447
CHEMBL3263695,P55055,5.211733818054199
CHEMBL590586,Q13133,5.119466304779053
CHEMBL3427388,P03372,6.335322380065918
CHEMBL538137,P10275,7.637230396270752
CHEMBL184598,P03372,9.069982528686523
CHEMBL334534,P10826,5.770120143890381
CHEMBL1180,P13631,5.334336757659912
CHEMBL4217033,P62508,6.4291090965271
CHEMBL110408,Q07869,7.1956000328063965
CHEMBL1760421,Q07869,5.3056488037109375
CHEMBL4170144,P37231,6.5703911781311035
CHEMBL380070,Q07869,5.8703484535217285
CHEMBL4092854,P62509,6.139915466308594
CHEMBL3126376,P10827,5.337763786315918
CHEMBL3695828,P37231,7.2131733894348145
CHEMBL212992,Q92731,7.406416416168213
CHEMBL185783,Q92731,6.965693950653076
CHEMBL3823776,P11473,7.792627334594727
CHEMBL131561,Q499N1,6.05281925201416
CHEMBL173159,P37231,7.213366508483887
CHEMBL4284016,Q92753,7.01674222946167
CHEMBL404646,P37231,6.513840198516846
CHEMBL514481,P04150,6.518548488616943
CHEMBL381891,P37231,6.97793436050415
CHEMBL260482,P10827,7.075912952423096
CHEMBL3764444,Q14994,5.795392036437988
CHEMBL313062,P06537,6.995553016662598
CHEMBL370021,Q07869,6.8488850593566895
CHEMBL468608,P13631,7.259021282196045
CHEMBL258886,P10827,7.3585991859436035
CHEMBL2037327,Q96RI1,6.058842658996582
CHEMBL1566266,Q92731,5.246815204620361
CHEMBL92635,Q92731,6.996805667877197
CHEMBL106896,P19793,6.7741475105285645
CHEMBL466641,Q96RI1,6.150996208190918
CHEMBL3397335,P10828,9.232532501220703
CHEMBL314561,P03372,7.417299747467041
CHEMBL240331,Q92731,4.453196048736572
CHEMBL522823,P03372,5.094029903411865
CHEMBL204970,P62508,6.553736209869385
CHEMBL3961165,P10275,6.348020553588867
CHEMBL1535180,P22736,4.986227989196777
CHEMBL204697,P62508,5.561304092407227
CHEMBL3623115,P10275,7.326980113983154
CHEMBL1577029,P03372,4.836548328399658
CHEMBL403958,Q13133,8.73198127746582
CHEMBL4126040,P51449,7.010927200317383
CHEMBL484266,Q03181,7.7598161697387695
CHEMBL205137,P03372,4.754969596862793
CHEMBL370609,P03372,7.190732002258301
CHEMBL193198,P10828,6.30018424987793
CHEMBL4168496,P51449,7.679868698120117
CHEMBL3354989,Q03181,6.869962215423584
CHEMBL272923,P04150,8.637584686279297
CHEMBL1766,P04150,7.500680446624756
CHEMBL358145,P10826,7.675457954406738
CHEMBL1934481,Q03181,5.3324761390686035
CHEMBL226268,P03372,8.416972160339355
CHEMBL3596271,P51449,6.203117847442627
CHEMBL3398435,P37231,5.899445056915283
CHEMBL148664,P37231,6.695321559906006
CHEMBL3403688,P55055,6.0303568840026855
CHEMBL3094481,P08235,6.5036773681640625
CHEMBL553019,P04150,7.748376369476318
CHEMBL42314,P13631,5.778388500213623
CHEMBL594063,P55055,8.05469036102295
CHEMBL3764076,P37231,5.196603298187256
CHEMBL2204045,P04150,7.547900199890137
CHEMBL122414,P10828,6.1856489181518555
CHEMBL247603,P04150,6.584441184997559
CHEMBL256787,P04150,6.9812092781066895
CHEMBL3695778,P37231,8.060606002807617
CHEMBL3622590,P10275,5.339768409729004
CHEMBL463906,Q13133,6.460905075073242
CHEMBL4217784,Q13133,6.124690055847168
CHEMBL481350,P10275,5.751634120941162
CHEMBL3949837,P51449,6.01917839050293
CHEMBL3640828,P15207,9.15753173828125
CHEMBL248415,P19793,7.008059024810791
CHEMBL195154,P03372,5.841843128204346
CHEMBL459563,Q13133,6.644366264343262
CHEMBL1084746,P03372,5.178848743438721
CHEMBL199599,P03372,6.021251678466797
CHEMBL132195,P06401,7.789220809936523
CHEMBL186598,P03372,7.358433246612549
CHEMBL3290287,P03372,6.886842250823975
CHEMBL2035883,P10828,7.554778575897217
CHEMBL1469246,Q92731,5.718178749084473
CHEMBL379889,P03372,5.226917266845703
CHEMBL227783,P04150,5.795302867889404
CHEMBL3323472,P10275,5.336421012878418
CHEMBL1098709,Q92731,7.040720462799072
CHEMBL3764750,Q14994,7.028897762298584
CHEMBL176252,Q15466,5.175097465515137
CHEMBL4085975,P35398,5.375366687774658
CHEMBL469982,P10275,6.183499336242676
CHEMBL1093016,P51449,4.5959577560424805
CHEMBL343459,P37231,7.4058990478515625
CHEMBL3132980,P10275,5.7110395431518555
CHEMBL394194,P10275,8.079666137695312
CHEMBL199432,P37231,6.238515377044678
CHEMBL4072143,Q03181,6.335906505584717
CHEMBL3909617,P51449,6.205451011657715
CHEMBL260419,Q13285,5.555379390716553
CHEMBL132193,P06401,7.5810394287109375
CHEMBL539393,P10828,5.514024257659912
CHEMBL1085429,P03372,8.47702693939209
CHEMBL221649,Q07869,7.16316556930542
CHEMBL593472,P55055,8.052730560302734
CHEMBL3976103,P51449,6.849255084991455
CHEMBL3337827,P08235,6.6226277351379395
CHEMBL3775732,P08235,5.530058860778809
CHEMBL4217406,P03372,7.163702964782715
CHEMBL3827045,P03372,5.39945125579834
CHEMBL1448466,Q92731,5.838908672332764
CHEMBL389621,P06537,9.241881370544434
CHEMBL4128076,P51449,8.00243854522705
CHEMBL563805,P28700,6.894975662231445
CHEMBL200045,P37231,6.840575218200684
CHEMBL3931922,Q92731,6.07267951965332
CHEMBL114607,P10275,5.827131271362305
CHEMBL1684357,P04150,7.417347431182861
CHEMBL3393182,P37231,4.751065731048584
CHEMBL179542,P37231,8.16999340057373
CHEMBL163142,P10275,7.670104503631592
CHEMBL3581553,P51449,7.721338748931885
CHEMBL3695601,P06401,6.917964458465576
CHEMBL92660,P03372,7.69075345993042
CHEMBL3941091,P51449,6.398279190063477
CHEMBL4170594,P37231,7.4760026931762695
CHEMBL433769,P03372,8.723128318786621
CHEMBL334330,P10826,6.384101390838623
CHEMBL345298,P10826,6.887565612792969
CHEMBL111589,P19793,7.627875804901123
CHEMBL4225823,Q92753,6.749321460723877
CHEMBL430855,P10275,5.941582679748535
CHEMBL3114125,Q96RI1,4.812585830688477
CHEMBL451835,P13631,9.19771671295166
CHEMBL426289,P55055,6.205111026763916
CHEMBL1835046,Q96RI1,6.677362442016602
CHEMBL3342788,P55055,7.8257598876953125
CHEMBL4091374,P37238,5.680238246917725
CHEMBL96184,P10826,8.179414749145508
CHEMBL403432,P37231,6.501617908477783
CHEMBL3818976,P37231,6.0878424644470215
CHEMBL346703,P10276,7.552481651306152
CHEMBL2337789,P19793,5.756292819976807
CHEMBL120759,P10276,5.867533206939697
CHEMBL193152,P10828,5.487517833709717
CHEMBL7844,P04150,8.005430221557617
CHEMBL198023,P37231,7.289036273956299
CHEMBL1615154,Q96RI1,6.392310619354248
CHEMBL3957141,P13631,5.393486976623535
CHEMBL4163054,P11474,8.0240478515625
CHEMBL562172,P10828,5.918858528137207
CHEMBL235173,P10828,9.94180965423584
CHEMBL4064736,P03372,6.808989524841309
CHEMBL397919,P08235,6.677898406982422
CHEMBL371126,Q92731,7.675841331481934
CHEMBL3950554,P51449,7.361944675445557
CHEMBL3605929,P06536,7.40713357925415
CHEMBL552185,P10828,5.05380916595459
CHEMBL3692348,P08235,6.472201347351074
CHEMBL1760412,P37231,4.8838958740234375
CHEMBL2312270,P10828,7.854386329650879
CHEMBL3695844,P37231,7.188645839691162
CHEMBL519351,P37231,8.764558792114258
CHEMBL2331783,P37231,6.035828113555908
CHEMBL2079581,P15207,6.057749271392822
CHEMBL356893,P03372,6.508780479431152
CHEMBL1455258,Q92731,5.907487392425537
CHEMBL2385909,P35398,4.968681812286377
CHEMBL595012,Q13133,8.279501914978027
CHEMBL99046,P04150,7.953428745269775
CHEMBL427183,P55055,6.43149471282959
CHEMBL1830941,P10275,6.930288791656494
CHEMBL2426157,P04150,6.437313556671143
CHEMBL314483,Q03181,5.404577255249023
CHEMBL182751,Q92731,7.069489479064941
CHEMBL97187,P10828,6.311212062835693
CHEMBL192142,P10827,5.544058799743652
CHEMBL1577661,P03372,5.32138729095459
CHEMBL3263248,Q96RI1,6.137057304382324
CHEMBL180912,P37231,5.261659622192383
CHEMBL471608,Q13133,6.137502670288086
CHEMBL2437296,P11473,5.313374042510986
CHEMBL1434189,Q92731,6.27972412109375
CHEMBL24966,P28702,5.959591865539551
CHEMBL2022652,P04150,8.74401569366455
CHEMBL1475434,P03372,5.0995025634765625
CHEMBL398455,Q92731,5.398213863372803
CHEMBL3793608,P51449,6.310496807098389
CHEMBL4093975,Q03181,6.306962966918945
CHEMBL384424,Q13285,7.027507781982422
CHEMBL3427403,P03372,6.551636695861816
CHEMBL143729,P06536,8.314454078674316
CHEMBL434525,P03372,8.103172302246094
CHEMBL111953,P10827,7.819061279296875
CHEMBL3361027,P51449,6.760956287384033
CHEMBL486176,Q03181,4.922274589538574
CHEMBL2035876,P10827,7.963627815246582
CHEMBL218234,P15207,5.4540629386901855
CHEMBL379567,P03372,6.6965012550354
CHEMBL3695767,P37231,7.8839006423950195
CHEMBL194301,P06401,6.4484124183654785
CHEMBL571226,P10828,5.390012741088867
CHEMBL96184,P28705,6.400412559509277
CHEMBL144877,P37231,5.815210819244385
CHEMBL166244,P48443,6.626211643218994
CHEMBL3695909,P37231,8.126690864562988
CHEMBL77851,Q92731,5.682246208190918
CHEMBL2426624,P10275,6.072027683258057
CHEMBL125235,P15207,8.141250610351562
CHEMBL392951,Q03181,7.56768798828125
CHEMBL3960035,P13631,8.41535758972168
CHEMBL425254,P37231,6.3186821937561035
CHEMBL255097,Q07869,5.406173229217529
CHEMBL1348377,P03372,4.9673686027526855
CHEMBL386915,P04150,7.497250556945801
CHEMBL3398455,P37231,5.405681133270264
CHEMBL424636,P10826,7.165248394012451
CHEMBL46403,Q07869,5.199051856994629
CHEMBL208324,Q92731,5.687532424926758
CHEMBL3695603,P10275,7.243287563323975
CHEMBL330307,Q92731,7.059214115142822
CHEMBL1447732,Q92731,5.19508695602417
CHEMBL2204057,P04150,7.083897113800049
CHEMBL537949,P04150,8.023768424987793
CHEMBL102720,P04150,7.66551399230957
CHEMBL1929041,P04150,6.638182163238525
CHEMBL4243206,O75469,4.931128025054932
CHEMBL3623122,P10275,7.215214729309082
CHEMBL4208087,P51449,6.440386772155762
CHEMBL3645263,P03372,7.3736982345581055
CHEMBL399887,P10275,6.949319362640381
CHEMBL405154,P03372,7.774091720581055
CHEMBL264862,P03372,5.383335590362549
CHEMBL551962,P10828,5.5194549560546875
CHEMBL2113712,P06401,5.614500045776367
CHEMBL3581691,P03372,8.049391746520996
CHEMBL2326073,O95718,6.519393444061279
CHEMBL361063,Q92731,8.648167610168457
CHEMBL195878,P03372,7.031505584716797
CHEMBL180253,P03372,8.655172348022461
CHEMBL3965705,P10275,6.604959487915039
CHEMBL487611,Q03181,4.850935459136963
CHEMBL497789,Q07869,5.7917866706848145
CHEMBL204773,P28702,6.416983604431152
CHEMBL386289,P04150,7.570407390594482
CHEMBL4249586,O75469,5.1648054122924805
CHEMBL3906807,P51449,7.04458475112915
CHEMBL3936897,P03372,7.316945552825928
CHEMBL1760411,Q03181,7.431851387023926
CHEMBL396029,P04150,6.519904136657715
CHEMBL4214635,Q92731,7.0305891036987305
CHEMBL2031541,P03372,6.135617256164551
CHEMBL384975,P06401,8.185884475708008
CHEMBL4163093,P37231,7.007506370544434
CHEMBL1092237,P37231,5.016796588897705
CHEMBL234524,Q92731,6.365542888641357
CHEMBL493097,P03372,4.84000825881958
CHEMBL1463954,Q92731,5.067356586456299
CHEMBL264131,P10275,7.326054573059082
CHEMBL1426947,Q92731,5.199228763580322
CHEMBL187937,Q92731,7.7187371253967285
CHEMBL337885,P06401,7.352746486663818
CHEMBL1075836,Q03181,7.664983749389648
CHEMBL551944,P04150,7.6473283767700195
CHEMBL83451,P03372,7.3123250007629395
CHEMBL3922829,P51449,7.1826863288879395
CHEMBL2326072,O95718,6.592928409576416
CHEMBL383646,Q13133,7.267182350158691
CHEMBL552769,P04150,7.657266139984131
CHEMBL214832,Q13133,6.349801540374756
CHEMBL3984806,P51449,7.0510406494140625
CHEMBL1080873,Q03181,7.207293510437012
CHEMBL595124,P55055,8.07555103302002
CHEMBL4209440,Q07869,5.566900253295898
CHEMBL4125723,P51449,7.957270622253418
CHEMBL87361,P06186,7.685597896575928
CHEMBL3114111,Q96RI1,5.024087905883789
CHEMBL3581688,P03372,8.432254791259766
CHEMBL3598070,P51450,7.034173965454102
CHEMBL187313,P03372,5.423133373260498
CHEMBL253944,P06401,6.57381534576416
CHEMBL4290022,P10275,5.195451259613037
CHEMBL3955462,P51449,6.849916934967041
CHEMBL4212982,P03372,6.936760902404785
CHEMBL705,P10826,8.01285457611084
CHEMBL315866,Q92731,6.844792366027832
CHEMBL370282,P03372,7.72205114364624
CHEMBL1808554,Q07869,4.805607795715332
CHEMBL340490,P10828,8.287975311279297
CHEMBL4068172,P11473,9.846955299377441
CHEMBL102039,P28704,7.10986328125
CHEMBL2206302,P37231,5.622457027435303
CHEMBL2112314,P11473,7.837287425994873
CHEMBL153245,P03372,5.770239353179932
CHEMBL2037331,Q96RI1,5.230242729187012
CHEMBL4161349,P51449,7.884275436401367
CHEMBL1783064,Q07869,7.691163063049316
CHEMBL3977738,P51449,7.206326961517334
CHEMBL496733,Q03181,7.921039581298828
CHEMBL3678121,P37231,7.072142601013184
CHEMBL90254,P19793,8.079944610595703
CHEMBL146646,P10826,6.344978332519531
CHEMBL1940548,P04150,7.450844764709473
